"date","Maharashtra/Ahmednagar","Maharashtra/Akola","Maharashtra/Amravati","Maharashtra/Aurangabad","Maharashtra/Beed","Maharashtra/Bhandara","Maharashtra/Buldhana","Maharashtra/Chandrapur","Maharashtra/Dhule","Maharashtra/Gadchiroli","Maharashtra/Gondia","Maharashtra/Hingoli","Maharashtra/Jalgaon","Maharashtra/Jalna","Maharashtra/Kolhapur","Maharashtra/Latur","Maharashtra/Mumbai","Maharashtra/Nagpur","Maharashtra/Nanded","Maharashtra/Nandurbar","Maharashtra/Nashik","Maharashtra/Osmanabad","Maharashtra/Other State","Maharashtra/Other State ","Maharashtra/Palghar","Maharashtra/Parbhani","Maharashtra/Pune","Maharashtra/Raigad","Maharashtra/Ratnagiri","Maharashtra/Sangli","Maharashtra/Satara","Maharashtra/Sindhudurg","Maharashtra/Solapur","Maharashtra/Thane","Maharashtra/Unknown","Maharashtra/Wardha","Maharashtra/Washim","Maharashtra/Yavatmal"
"2020-03-09","","","","","","","","","","","","","","","","","","","","","","","","","","","","","","","","","","","","","",""
"2020-03-10","","","","","","","","","","","","","","","","","","","","","","","","","","","","","","","","","","","","","",""
"2020-03-11","","","","","","","","","","","","","","","","","","","","","","","","","","","3","","","","","","","","","","",""
"2020-03-12","","","","","","","","","","","","","","","","","1","","","","","","","","","","1","","","","","","","","","","",""
"2020-03-13","","","","","","","","","","","","","","","","","","2","","","","","","","","","1","","","","","","","","","","",""
"2020-03-14","","","","","","","","","","","","","","","","","1","1","","","","","","","","","","","","","","","","","","","",""
"2020-03-15","","","","","","","","","","","","","","","","","","","","","","","","","","","5","","","","","","","","","","",""
"2020-03-16","","","","","","","","","","","","","","","","","1","","","","","","","","","","1","","","","","","","2","","","","1"
"2020-03-17","","","","","","","","","","","","","","","","","1","","","","","","","","","","1","","","","","","","","","","",""
"2020-03-18","","","","","","","","","","","","","","","","","1","","","","","","","","","","2","","","","","","","","","","",""
"2020-03-19","1","","","","","","","","","","","","","","","","1","","","","","","","","","","","","","","","","","1","","","",""
"2020-03-20","","","","","","","","","","","","","","","","","2","","","","","","","","","","2","","","","","","","","","","",""
"2020-03-21","","","","","","","","","","","","","","","","","7","","","","","","","","","","2","","","","","","","1","","","","1"
"2020-03-22","","","","","","","","","","","","","","","","","5","","","","","","","","","","4","","","","","","","1","","","",""
"2020-03-23","","","","","","","","","","","","","","","","","11","","","","","","","","","","1","","","","","","","2","","","",""
"2020-03-24","1","","","","","","","","","","","","","","","","6","","","","","","","","","","2","","","","","","","2","","","",""
"2020-03-25","","","","","","","","","","","","","","","","","7","","","","","","","","","","","1","","5","","","","2","","","",""
"2020-03-26","","","","","","","","","","","","","","","","","1","1","","","","","","","","","","","","","","","","","","","",""
"2020-03-27","","","","","","","","","","","","","","","","","3","4","","","","","","","1","","1","","","15","","","","2","","","",""
"2020-03-28","","","","","","","","","","","","","","","","","22","2","","","","","","","3","","","","","","","","","1","","","",""
"2020-03-29","2","","","","","","","","","","","","","","","","5","3","","","","","","","","","5","","","1","","","","4","","","",""
"2020-03-30","","","","","","","","","","","","","","","1","","7","2","","","","","","","","","6","","","","","","","","","","",""
"2020-03-31","3","","","","","","2","","","","","","","","","","59","","","","","","","","","","5","","","","","","","13","","","",""
"2020-04-01","","","","","","","1","","","","","","","","","","30","","","","","","","","","","2","","","","","","","","","","",""
"2020-04-02","9","","","2","","","1","","","","","","","","","","54","","","","","","","","","","10","","","","1","","","9","","","",""
"2020-04-03","","","","","","","","","","","","","","","","","43","","","","","","","","","","6","","1","","","","","10","","","",""
"2020-04-04","","","","","","","","","","","","","1","","","","99","1","","","","2","","","","","10","1","","","","","","21","","","",""
"2020-04-05","4","","","4","","","","","","","","","","","","","81","","","","","","","","1","","17","3","","","","","","1","","","",""
"2020-04-06","2","","","3","","","","","","","","","","","","","67","","","","1","","","","4","","41","","","","2","","","","","","",""
"2020-04-07","2","","","3","","","2","","","","","","","","","","124","2","","","","","","","3","","10","","1","1","1","","","","","","",""
"2020-04-08","","","","","","","1","","","","","","","","","","72","","","","","","","","","","38","","","","","","","5","","","",""
"2020-04-09","","8","3","4","","","3","","","","","","","","2","","162","","","","5","","","","1","","17","","1","","1","","","15","","","",""
"2020-04-10","","3","","","","","2","","","","","","","","","","132","6","","","","","","","1","","42","","1","","","","","22","","","",""
"2020-04-11","1","","","2","","","","","","","","","","","1","","138","","","","7","","","","3","","9","1","","","","","","24","","","",""
"2020-04-12","","1","","","","","","","","","","","","","","","152","17","","","4","","","","7","","6","5","","","","","","42","","","",""
"2020-04-13","1","","","4","","","4","","","","","","","","","","242","3","","","15","","","","5","","45","2","","","","","","21","","","","1"
"2020-04-14","","","1","","","","","","","","","","","","","","216","9","","","11","","","","4","","43","1","1","","","","2","60","","","",""
"2020-04-15","","1","","","","","4","","","","","","","","","","140","1","","","","","","","3","","55","","","","","","7","14","","","",""
"2020-04-16","1","","","5","","","","","","","","","","1","","","177","3","","","2","","","","4","","66","3","","","","","2","13","","","","8"
"2020-04-17","","","","","","","","","","","","","","","","","12","1","","","6","","","","34","","31","18","","","","","","18","","","",""
"2020-04-18","0","1","1","1","","","","","","","","","","","","","183","4","","","","","","","8","","87","6","","","4","","2","30","","","",""
"2020-04-19","1","1","","1","","","","","","","","","","-1","1","","456","10","","","34","","","","19","","20","-2","","","","","1","7","","","","1"
"2020-04-20","","","","","","","","","","","","","","","2","","308","7","","","8","","","","22","","52","8","1","","2","","6","55","","","","1"
"2020-04-21","","","","5","","","","","3","","","","1","","1","","419","10","","3","","","","","","","53","2","1","","","","4","44","","","","1"
"2020-04-22","","5","1","3","","","3","","5","","","6","3","1","","","232","10","","3","10","","","","10","","89","1","","1","3","","5","30","","","","2"
"2020-04-23","3","-1","","2","","","","","8","","","","2","","","","522","","","","15","","","","-4","","105","-1","","-1","4","","3","117","","","","-1"
"2020-04-24","1","3","6","2","","","-3","","5","","","","","","1","1","242","1","","","7","","","","5","","51","4","","","","","6","48","","","","6"
"2020-04-25","2","","6","8","","","","","3","","","1","5","","","","602","6","","4","4","","","","4","","69","2","","","9","","7","74","","","","5"
"2020-04-26","1","6","1","","","","","","","","","","6","","","","358","","","","","","","","2","","22","1","","1","","","1","21","","","","20"
"2020-04-27","6","0","2","2","","","0","","","","","","1","","1","1","369","20","2","","15","","","","5","","47","4","","","0","","18","14","","","","14"
"2020-04-28","","5","6","38","","","0","","","","","7","20","","1","2","393","8","","","49","","","","18","","75","5","","","3","","17","72","","","","9"
"2020-04-29","","5","","15","","","","","","","","","","","","","475","3","","","","","","","5","0","18","3","","2","0","1","3","58","","","1","8"
"2020-04-30","","","","26","","","","","","","","","","0","2","","417","1","","","2","","","","0","1","56","2","","","0","","14","61","","","",""
"2020-05-01","","","","30","","","0","1","1","","","7","4","1","1","","751","","1","","45","","1","","10","1","68","3","","1","","0","9","73","","","",""
"2020-05-02","0","10","3","59","","","","","1","","","15","2","5","1","","547","7","","1","20","","0","","9","","23","2","2","1","4","1","7","70","","","",""
"2020-05-03","1","13","3","24","","","","1","1","","","5","","","","","441","6","27","","22","","1","","8","","57","9","1","","1","","1","56","","","",""
"2020-05-04","-1","-7","24","69","","","3","","4","","","10","11","","-2","7","510","22","0","6","98","","1","","8","-1","622","20","-1","3","42","-1","13","96","","","-1","12"
"2020-05-05","11","8","3","27","","","","","","","","3","1","","1","","635","7","","1","27","","1","","-12","","44","58","","","0","1","1","166","","","","1"
"2020-05-06","0","20","12","33","","","0","","0","","","3","7","","1","","769","1","","0","54","","2","","19","","25","12","6","1","10","1","45","212","","","",""
"2020-05-07","","16","","27","","","","","0","","","","13","","0","6","680","24","1","","70","","2","","22","","42","26","","","5","0","8","273","","","0","1"
"2020-05-08","","22","7","23","","","0","","0","","","","18","4","","","748","6","","","24","","","","7","","48","12","1","0","0","1","2","164","","","0","2"
"2020-05-09","7","22","2","19","","","","","18","","","","37","","3","","722","12","1","","38","","1","","8","","48","13","1","","4","","5","204","","","",""
"2020-05-10","3","16","0","126","","","0","","4","","","1","45","","","1","875","27","10","3","64","","1","","15","","454","4","18","2","21","1","60","191","","","0","1"
"2020-05-11","","3","1","16","","","1","","0","","","1","2","2","","5","782","8","2","","37","","5","","23","","110","32","6","0","2","","46","144","","","","1"
"2020-05-12","1","7","6","69","","","","","9","","","1","12","2","","0","426","9","1","","45","1","","","15","","148","13","13","1","2","","21","222","","","1","1"
"2020-05-13","0","23","0","27","","","","","8","","","0","14","","3","1","800","49","11","","10","","","","25","","224","33","5","3","2","1","3","251","","","1","1"
"2020-05-14","6","16","3","36","","","1","1","","","","0","17","4","3","0","991","14","0","0","56","","","","11","","153","19","23","2","","","24","222","","","",""
"2020-05-15","1","18","6","62","","0","0","","3","","","5","23","1","","","933","3","0","","18","2","","","26","4","167","65","3","1","1","","21","212","","1","",""
"2020-05-16","1","10","4","95","","","0","","3","","","0","4","0","2","2","884","18","2","0","10","1","","","27","","166","22","5","1","5","3","6","335","","","",""
"2020-05-17","3","33","8","66","2","2","4","","3","","","30","16","7","9","10","1595","5","10","1","16","","","","30","","174","31","4","5","0","0","2","281","","","","0"
"2020-05-18","9","5","5","35","","","","","3","","","8","26","8","16","6","1185","18","9","2","6","4","2","","17","1","250","27","6","3","9","","56","287","","1","","1"
"2020-05-19","-24","13","4","54","2","4","3","","1","","","3","11","2","29","","1411","13","1","","-17","","3","","26","1","169","36","1","2","2","","10","312","","","","1"
"2020-05-20","4","23","4","54","","","1","0","0","1","2","","0","","58","0","1372","35","1","","28","0","2","","12","1","237","24","14","2","28","","66","186","","","5","1"
"2020-05-21","2","34","17","44","8","2","4","10","11","1","","3","28","5","22","4","1382","14","12","1","39","8","","","52","9","188","24","7","6","14","0","17","368","","","","9"
"2020-05-22","5","23","5","61","13","","1","","2","2","25","2","64","3","34","7","1751","23","6","6","11","7","","","31","4","328","25","12","8","20","","10","449","","","","2"
"2020-05-23","1","6","11","32","","","0","1","0","4","11","0","8","8","34","6","1566","5","0","","13","3","","","52","","354","35","7","3","0","","35","413","","","",""
"2020-05-24","1","29","12","37","","1","1","3","21","","","","8","2","30","4","1725","6","","","5","2","1","","66","","335","126","13","6","75","0","34","495","","1","","2"
"2020-05-25","4","18","14","33","6","4","1","5","","2","4","20","7","7","8","11","1430","4","","","37","6","2","","41","2","314","49","12","3","35","","22","333","","2","",""
"2020-05-26","7","17","11","21","","","8","1","11","11","4","1","29","10","73","0","1002","6","7","","19","0","1","","35","1","339","54","4","4","25","9","23","357","","1","",""
"2020-05-27","3","50","1","25","8","5","4","0","0","","1","","58","6","6","12","1044","3","0","0","20","8","1","","19","","279","51","21","7","56","","33","466","","3","0","0"
"2020-05-28","5","42","3","35","1","1","2","","0","2","3","10","21","8","5","13","1467","11","3","","31","9","1","","54","15","282","48","12","7","34","","32","439","","1","","1"
"2020-05-29","4","8","5","40","5","5","1","0","6","3","7","0","29","30","28","1","1447","16","0","1","27","10","2","","88","2","327","55","12","3","30","2","58","418","","","0","12"
"2020-05-30","12","34","11","52","","4","2","0","5","1","3","6","52","2","50","10","1510","45","0","1","41","2","3","","55","15","314","43","26","8","31","12","103","485","","","","2"
"2020-05-31","12","13","13","39","1","3","4","","0","3","5","0","9","6","28","7","1244","18","3","1","24","7","","","50","6","382","66","22","0","33","0","25","462","","1","","0"
"2020-06-01","","19","6","42","0","","1","1","5","1","0","41","80","4","52","","1413","18","12","0","47","3","1","","53","","126","40","0","0","4","","36","356","","-3","",""
"2020-06-02","21","39","13","49","","","10","0","28","2","0","1","64","1","34","0","1117","22","6","2","30","4","2","","51","8","151","61","40","12","35","19","1","463","","","","1"
"2020-06-03","24","5","16","61","2","5","1","1","4","1","0","2","21","24","64","","1276","21","6","0","23","11","1","","77","2","267","29","10","2","2","26","98","461","","0","","17"
"2020-06-04","5","32","11","61","2","1","6","1","10","1","2","1","71","5","5","6","1439","27","22","2","62","5","1","","35","2","362","55","15","1","20","9","93","555","","0","1","7"
"2020-06-05","18","48","3","67","0","","2","2","8","1","","11","44","11","18","1","1149","19","5","1","70","10","1","","51","2","226","69","15","9","3","18","92","457","","0","","5"
"2020-06-06","2","35","14","80","2","1","4","1","36","","0","1","67","7","8","3","1274","57","6","","45","12","","","101","1","238","49","8","9","39","8","44","587","","0","",""
"2020-06-07","13","16","4","104","2","0","1","1","7","1","0","7","86","11","9","2","1420","9","1","","109","6","7","","99","","416","30","2","5","4","0","82","550","","2","1","0"
"2020-06-08","5","56","6","71","1","2","8","10","23","2","0","1","32","20","1","1","1311","14","1","","71","1","3","","82","","172","20","17","20","10","0","76","514","","","","3"
"2020-06-09","2","14","4","49","7","1","2","0","29","1","0","0","68","1","22","1","1015","27","1","","68","0","3","","69","0","196","39","7","10","18","17","49","535","","","2","1"
"2020-06-10","10","34","2","88","0","0","1","3","44","0","","0","139","16","1","8","1567","43","3","4","44","15","2","","102","2","333","75","3","8","23","3","15","657","","3","2","4"
"2020-06-11","4","45","5","133","3","4","5","1","7","0","0","10","78","0","4","5","1418","88","12","1","42","0","","","104","0","476","61","0","7","20","12","95","959","","","6","2"
"2020-06-12","2","52","14","151","3","1","14","","12","3","","12","174","25","6","8","1366","50","18","3","39","0","","","211","1","399","75","10","12","16","3","42","764","","","6","1"
"2020-06-13","9","11","11","103","5","2","","","0","1","1","","93","8","11","3","1380","13","0","","67","3","","","163","","441","70","1","14","14","2","118","863","","","15","5"
"2020-06-14","4","31","9","108","1","0","8","1","40","","1","3","69","14","2","13","1395","31","31","","82","3","1","","110","1","462","87","0","4","10","0","82","774","","0","8","5"
"2020-06-15","7","5","7","118","","1","0","3","40","0","1","3","81","8","35","5","1067","33","6","18","72","4","8","","150","0","235","64","43","21","11","6","69","652","","","4","9"
"2020-06-16","2","24","14","71","2","1","13","1","15","","14","0","98","15","4","7","935","64","0","6","95","1","4","","117","0","469","40","10","9","8","0","66","596","","","0","0"
"2020-06-17","1","49","20","103","0","2","2","5","16","1","15","1","55","19","1","10","1359","19","23","0","87","5","5","","98","1","362","95","14","12","23","2","35","839","","","13","15"
"2020-06-18","6","27","1","104","5","5","9","1","2","1","1","","95","5","2","3","1288","25","2","","118","5","4","","162","","750","99","13","6","8","3","71","926","","","0","5"
"2020-06-19","6","19","19","100","","13","5","1","13","1","","0","87","8","1","8","1264","37","5","11","209","5","7","","176","","704","101","2","1","19","0","52","940","","0","1","12"
"2020-06-20","12","19","11","109","2","0","2","","4","2","","9","65","33","2","3","1190","80","8","0","120","3","3","","196","1","582","132","8","8","13","2","65","1179","","","3","8"
"2020-06-21","7","24","25","127","9","4","4","0","17","5","","0","75","5","2","5","1159","54","3","","127","7","2","","228","1","595","131","19","11","17","0","27","1176","","","1","3"
"2020-06-22","0","60","16","164","5","2","10","1","61","","0","2","168","7","6","9","1098","12","4","0","109","3","2","","168","","593","102","0","4","21","1","86","1002","","","0","5"
"2020-06-23","20","24","6","122","4","","6","1","26","1","","8","50","23","3","1","824","15","9","6","94","4","1","","245","","433","82","3","5","7","0","54","1116","","","8","13"
"2020-06-24","0","47","8","181","0","","3","4","1","","2","0","24","0","8","10","1118","14","6","1","139","3","1","","162","2","538","175","13","1","8","18","23","1374","","","1","4"
"2020-06-25","2","33","15","217","","2","2","1","27","","0","3","152","16","16","4","1350","52","3","","172","4","3","","235","4","570","196","12","17","15","8","72","1608","","1","6","24"
"2020-06-26","2","18","13","270","0","0","5","7","48","1","1","1","154","7","13","15","1297","6","5","63","157","4","2","","273","1","1016","163","8","3","24","2","60","1383","","","1","1"
"2020-06-27","34","15","7","232","7","0","18","1","272","2","1","-4","93","52","22","19","2077","-24","9","12","270","1","-51","","344","-1","730","270","8","9","31","1","36","1864","","1","11","-1"
"2020-06-28","61","78","22","247","3","","9","7","27","1","","0","103","18","15","28","1287","21","19","1","199","8","2","","387","1","1109","151","24","15","58","11","52","1522","-5038","","3","4"
"2020-06-29","24","46","4","274","0","","15","6","70","0","18","4","299","47","17","17","1226","27","5","7","209","4","11","","311","4","433","311","1","21","39","14","46","1745","-5257","1","1","0"
"2020-06-30","8","27","34","221","6","1","17","8","62","2","","4","114","17","5","11","893","20","2","2","115","8","4","","280","3","1024","274","25","8","33","1","17","1628","","2","0","2"
"2020-07-01","1","8","21","323","0","7","6","1","2","","8","","92","31","12","19","1487","38","20","3","150","8","5","","206","6","990","309","19","20","41","2","1","1686","-5537","","4","11"
"2020-07-02","18","15","24","195","3","","12","2","76","2","14","0","140","30","16","33","1554","76","","0","154","6","3","","363","0","1115","318","16","15","58","","22","2033","","-3","5","13"
"2020-07-03","56","40","14","215","5","0","14","0","10","3","10","0","209","6","12","13","1375","42","7","1","126","12","9","","410","5","1022","357","47","-35","47","13","21","2285","-6364","","4","9"
"2020-07-04","2","10","13","210","3","2","21","12","51","1","4","18","170","64","9","8","1163","48","17","18","277","12","5","","336","8","1502","347","22","41","52","5","411","2199","","1","1","11"
"2020-07-05","72","53","52","297","13","2","20","1","15","1","8","6","210","36","25","21","1287","47","6","","283","11","22","","297","10","1186","255","13","13","63","7","108","2102","","","4","9"
"2020-07-06","6","41","18","244","7","3","0","10","26","18","2","3","237","39","29","21","1200","34","15","11","262","21","6","","353","8","824","266","14","32","37","1","27","1550","","","0","3"
"2020-07-07","18","28","10","190","5","1","25","2","9","1","15","0","239","74","20","47","785","39","18","0","338","7","6","","228","","1165","275","41","17","27","2","128","1344","","9","6","15"
"2020-07-08","48","22","18","195","14","3","24","2","84","1","9","4","134","13","55","39","1347","32","28","1","201","17","8","","253","6","1573","304","32","22","59","0","123","1904","-6603","","17","11"
"2020-07-09","9","31","18","216","17","1","1","5","21","1","0","22","150","7","19","20","1268","31","47","27","216","20","13","","271","25","1690","467","24","22","73","5","47","2078","","0","3","10"
"2020-07-10","42","12","42","278","6","49","11","16","35","2","6","2","264","28","19","54","1337","55","27","4","352","3","9","","388","13","1838","461","9","27","52","0","56","2327","","2","11","25"
"2020-07-11","81","28","10","304","0","6","6","12","50","19","10","12","341","26","34","24","1284","47","24","8","299","13","8","","380","6","2124","397","25","28","48","3","106","2349","","","15","12"
"2020-07-12","64","51","17","222","29","8","14","7","44","","1","4","209","77","27","34","1243","65","19","31","196","36","12","","401","14","1769","449","13","19","76","","277","2382","","6","1","10"
"2020-07-13","46","1","35","215","15","0","12","13","6","0","6","1","220","100","97","55","1158","12","34","","236","14","7","","334","14","1055","406","14","25","71","5","335","1909","","","22","24"
"2020-07-14","86","24","58","227","6","13","9","7","87","21","1","2","325","1","102","39","954","122","33","3","347","15","8","","148","13","1912","245","32","26","75","0","165","1546","","10","58","21"
"2020-07-15","49","6","73","162","7","0","14","8","78","17","3","24","221","5","63","40","1374","96","52","27","269","19","5","","236","15","2110","494","55","22","129","0","229","2036","","","30","7"
"2020-07-16","85","30","29","119","19","0","8","4","15","17","1","1","292","57","149","96","1476","50","19","9","242","5","4","","434","17","2466","452","32","75","107","6","196","2111","","6","4","8"
"2020-07-17","84","27","56","255","40","1","31","5","68","1","3","15","98","82","70","78","1214","106","16","32","466","32","7","","394","42","2369","402","87","68","82","1","180","1874","","","14","8"
"2020-07-18","22","55","53","260","16","3","9","13","43","2","1","3","200","70","261","43","1186","75","54","10","328","15","22","","276","8","2538","383","35","57","81","2","235","1944","","16","13","16"
"2020-07-19","232","31","95","323","12","8","11","14","87","17","4","15","148","68","206","93","1038","59","28","22","565","17","7","","357","58","3049","572","70","26","97","7","297","1822","","5","22","36"
"2020-07-20","214","61","58","258","4","0","32","13","88","4","1","33","409","95","179","0","1035","40","85","15","388","2","5","","340","4","2400","422","7","69","75","6","221","1638","","1","26","12"
"2020-07-21","252","29","60","245","50","0","36","9","73","5","","8","232","55","163","123","945","68","53","41","334","56","16","","302","27","2721","321","71","61","138","4","430","1383","-8336","3","25","-3"
"2020-07-22","441","44","89","348","45","1","108","11","125","12","1","10","183","55","233","36","1310","156","53","28","490","17","12","","208","15","3606","460","55","69","85","2","389","1779","","9","33","58"
"2020-07-23","57","67","57","268","28","3","126","5","75","2","1","21","363","7","198","0","1245","123","100","11","556","20","15","","421","5","3187","509","64","84","105","5","295","1797","","13","16","46"
"2020-07-24","158","39","67","349","16","9","110","25","25","8","1","25","245","32","369","91","1057","199","43","14","439","26","14","","349","2","3381","480","36","51","108","11","301","1481","","7","13","34"
"2020-07-25","270","40","30","303","43","7","49","22","46","11","2","9","179","108","111","118","1080","204","70","6","444","15","6","","297","21","3088","484","58","71","125","15","178","1662","","10","48","21"
"2020-07-26","415","45","37","263","26","2","25","24","64","3","7","1","159","44","154","52","1101","181","70","7","434","37","11","","327","16","3196","491","62","164","120","7","342","1507","","12","16","9"
"2020-07-27","169","16","52","310","34","1","62","6","25","3","8","13","419","29","413","114","1021","191","80","12","264","22","11","","255","3","1927","402","1","107","115","13","303","1432","","9","17","65"
"2020-07-28","218","68","58","654","37","1","75","24","220","6","3","5","369","55","129","97","700","202","6","46","383","15","7","","188","28","2195","266","63","129","133","1","223","1069","","20","6","18"
"2020-07-29","307","11","104","538","38","6","40","23","146","6","","10","191","17","156","69","1109","246","93","11","527","51","17","","294","32","2591","497","54","139","141","14","252","1424","","13","21","23"
"2020-07-30","464","66","150","418","61","24","25","22","67","14","18","10","375","50","395","131","1208","342","151","15","503","99","8","","374","68","3309","416","25","252","208","2","324","1501","","15","9","28"
"2020-07-31","323","58","50","164","40","4","102","18","206","5","17","3","388","27","489","128","1085","341","83","41","455","113","21","","341","55","3006","377","9","253","168","10","256","1558","","13","25","88"
"2020-08-01","491","47","74","115","49","3","80","49","30","3","27","5","273","22","606","167","1047","352","86","13","477","33","7","","309","28","2699","417","45","274","203","6","225","1222","","9","7","101"
"2020-08-02","305","11","87","122","85","5","41","27","126","14","5","13","243","28","197","138","1105","245","258","13","390","88","12","","321","17","2981","394","94","53","215","25","184","1556","","18","30","63"
"2020-08-03","370","42","100","318","41","7","51","16","24","10","61","100","453","19","551","107","970","284","226","3","462","35","10","","359","11","1758","405","31","479","163","1","264","1223","","3","8","3"
"2020-08-04","327","16","72","221","57","0","87","12","35","12","17","3","290","1","243","119","709","236","98","10","455","344","13","","209","42","2207","235","58","255","163","14","200","873","","11","64","52"
"2020-08-05","674","32","49","275","89","5","39","39","8","39","46","4","466","11","430","152","1125","460","140","10","705","142","16","","299","44","2386","457","10","199","193","14","291","1347","","10","57","46"
"2020-08-06","533","74","141","271","109","53","82","69","186","13","23","14","480","66","564","212","910","538","115","49","815","116","15","","262","32","3091","429","57","329","205","5","272","1312","","5","23","44"
"2020-08-07","466","71","83","447","142","13","44","46","124","21","8","60","421","61","270","172","862","517","198","13","781","163","13","","202","62","2851","431","13","192","220","15","303","1102","","3","59","34"
"2020-08-08","607","27","101","353","107","39","107","16","340","34","41","6","656","202","520","225","1304","514","123","156","790","196","17","","374","75","2784","401","8","252","188","14","437","1665","-12822","2","49","92"
"2020-08-09","598","68","68","280","235","2","86","31","129","5","28","31","330","110","444","279","1066","604","142","27","972","161","23","","454","74","3016","436","103","309","257","27","407","1293","","23","42","88"
"2020-08-10","643","30","90","393","157","9","76","36","31","5","49","33","403","80","579","242","925","448","148","5","345","160","14","","315","84","1699","314","109","189","91","12","417","969","","2","15","64"
"2020-08-11","646","48","123","199","311","32","35","27","179","18","61","16","523","136","1078","284","917","803","106","37","503","328","13","","326","60","1943","436","79","141","189","3","327","1034","","11","31","85"
"2020-08-12","633","44","104","329","94","18","54","45","90","13","27","27","416","96","634","243","1132","772","134","35","1132","121","14","","463","56","2982","414","81","181","270","30","380","1461","","11","37","139"
"2020-08-13","528","33","75","312","120","12","45","89","98","34","32","33","498","81","837","221","1200","543","76","88","926","207","21","","385","62","2392","506","61","223","323","2","319","1304","","14","34","79"
"2020-08-14","591","54","162","392","74","24","102","40","309","10","21","44","580","97","732","173","979","766","147","15","941","191","24","","346","41","2621","465","162","323","241","30","459","1235","","27","75","115"
"2020-08-15","370","39","79","410","117","25","90","46","364","13","33","39","481","52","639","181","-819","956","135","73","1218","176","-72","","592","60","2877","726","143","336","395","6","419","1700","","19","41","61"
"2020-08-16","294","31","104","140","85","22","59","31","53","3","14","45","598","78","518","237","1010","691","66","6","679","127","20","","391","76","3088","398","61","322","198","4","267","1306","","10","25","54"
"2020-08-17","320","17","89","235","80","19","45","16","81","13","15","","362","206","339","132","753","431","109","2","810","152","2","","174","53","1875","225","55","316","205","61","253","952","","5","61","30"
"2020-08-18","535","10","133","246","116","55","101","16","96","11","24","19","467","63","471","182","931","812","257","37","699","102","7","","264","98","2432","422","140","405","353","41","436","1027","","14","24","73"
"2020-08-19","603","60","111","546","263","43","72","65","88","13","34","35","605","150","534","131","1132","997","186","38","776","306","9","","419","104","2688","497","43","319","286","14","466","1402","","59","13","58"
"2020-08-20","551","22","158","526","292","17","48","29","77","4","47","30","618","159","575","237","1280","1050","232","81","1061","264","12","","321","98","3455","617","79","395","352","13","341","1451","","26","32","97"
"2020-08-21","524","19","67","311","305","19","29","93","236","10","46","14","655","75","555","174","1406","1111","265","112","808","137","10","","378","70","3394","563","134","354","325","29","299","1486","","48","23","77"
"2020-08-22","586","69","91","248","265","41","51","44","580","4","45","78","778","60","633","369","1134","885","168","149","893","263","15","","363","84","3221","475","80","388","395","141","422","1368","","37","33","36"
"2020-08-23","497","24","69","70","81","14","61","79","54","14","22","64","627","90","522","146","991","818","65","119","476","183","16","","348","86","2536","335","36","325","253","0","316","996","","16","33","59"
"2020-08-24","398","47","138","341","138","16","62","47","336","5","40","5","649","33","669","84","743","656","167","118","914","202","24","","166","50","2304","276","96","424","446","61","367","873","","5","53","62"
"2020-08-25","462","36","82","410","122","49","27","72","42","24","34","6","619","32","490","166","587","789","143","107","850","105","7","","141","83","2528","217","46","338","489","74","345","762","","50","7","84"
"2020-08-26","604","47","101","339","83","32","108","49","182","11","60","18","599","61","386","182","1854","1265","240","130","987","55","15","","357","76","3230","593","65","442","505","20","193","1781","","52","61","105"
"2020-08-27","605","57","134","283","58","42","78","129","154","25","67","60","711","43","512","213","1351","1244","294","143","1005","49","22","","306","74","3676","521","87","528","535","19","313","1332","","41","29","117"
"2020-08-28","545","62","103","196","64","34","97","102","216","47","79","36","584","61","731","146","1220","1161","256","76","723","138","14","","232","63","3647","536","116","616","678","22","332","1311","","36","44","103"
"2020-08-29","615","48","127","383","116","60","128","149","194","11","97","51","862","73","670","185","1281","1399","307","65","1160","157","1","","266","82","3856","579","129","583","717","30","524","1169","","56","39","117"
"2020-08-30","469","81","114","121","104","109","44","276","158","75","48","10","755","67","974","269","1237","1059","311","290","1437","108","17","","289","67","3726","561","163","690","616","48","393","1498","","66","63","95"
"2020-08-31","237","10","124","381","94","23","66","155","181","6","29","59","606","93","516","174","1179","801","274","105","895","132","12","","241","78","1931","463","82","747","422","136","266","1288","","5","4","37"
"2020-09-01","724","146","70","187","73","86","147","263","66","41","101","7","664","95","277","236","1142","1491","343","42","594","273","16","","405","105","3493","518","116","1170","780","23","467","1202","","136","107","159"
"2020-09-02","586","52","37","285","130","70","74","201","196","36","109","45","874","135","603","318","1622","1500","332","101","1028","168","24","","423","86","3614","746","146","753","683","40","423","1762","","64","47","120"
"2020-09-03","738","74","218","286","100","13","175","204","527","21","175","33","516","97","468","272","1526","1620","298","85","898","290","19","","450","116","3910","714","135","845","670","83","541","1640","","110","64","174"
"2020-09-04","807","62","150","338","110","114","121","220","347","17","132","46","739","137","674","425","1929","1848","393","83","936","216","21","","397","119","3600","831","83","721","681","129","463","1934","","117","78","200"
"2020-09-05","789","121","84","401","206","184","66","325","184","15","148","72","503","113","747","422","1688","1742","366","104","893","231","20","","481","143","4837","951","183","875","954","95","718","1813","","113","74","139"
"2020-09-06","580","79","218","585","197","217","185","270","370","35","100","53","784","147","1690","345","1910","1901","301","114","1606","182","40","","371","181","4744","939","146","965","890","103","683","2187","","82","49","101"
"2020-09-07","347","118","114","281","196","84","70","121","13","13","109","56","353","97","1280","251","1788","1327","275","22","602","169","19","","164","72","4165","627","220","632","401","104","453","1722","","56","57","51"
"2020-09-08","797","128","344","790","186","87","119","193","202","23","147","63","656","118","815","347","1346","1390","461","94","1924","163","25","","361","107","3967","841","202","972","784","139","513","1320","","255","89","163"
"2020-09-09","621","143","305","860","181","255","182","296","211","21","111","32","615","218","1036","404","1988","2113","313","148","1335","186","29","","438","108","5128","1099","115","719","851","80","612","2470","","120","93","141"
"2020-09-10","556","145","445","545","150","211","169","234","255","48","169","31","1089","92","540","481","2371","1726","403","59","690","236","32","","497","141","5939","865","120","1031","1017","76","688","2103","","76","77","139"
"2020-09-11","679","125","545","661","155","238","215","306","282","70","139","34","1284","165","790","304","2191","2304","306","88","1708","227","35","","452","118","5208","1056","180","944","898","64","680","2141","","45","106","143"
"2020-09-12","614","98","334","409","126","101","121","342","163","33","130","11","498","87","738","340","2350","1899","234","174","1635","197","23","","563","30","4706","969","133","957","837","115","689","2060","","87","108","173"
"2020-09-13","812","126","377","685","213","191","242","241","172","51","90","71","1112","111","678","323","2085","1982","193","124","948","249","43","","433","159","4424","917","292","1208","912","53","693","1922","","81","101","229"
"2020-09-14","1096","197","157","395","200","78","134","58","52","45","162","90","975","49","399","254","2269","1168","145","45","962","327","16","","261","98","2579","758","150","595","542","86","518","1992","","45","97","72"
"2020-09-15","646","182","300","467","367","138","217","384","99","52","154","48","573","162","531","306","1586","1800","305","94","1443","186","14","","495","90","4062","700","146","987","1117","52","635","1775","","78","74","217"
"2020-09-16","1128","102","456","341","358","115","229","471","155","43","303","54","940","70","737","357","2378","1974","341","80","920","238","32","","399","72","5049","755","209","999","862","100","616","2071","","68","44","299"
"2020-09-17","1008","59","391","481","317","310","166","346","199","63","174","42","800","147","791","334","2411","2176","279","106","1909","214","32","","474","78","4983","868","243","1012","774","104","596","2203","","101","163","265"
"2020-09-18","995","120","371","296","182","92","107","258","79","38","166","47","964","73","803","315","2283","2106","322","133","784","295","40","","450","56","4041","699","115","1112","902","200","637","2025","","129","101","320"
"2020-09-19","897","239","300","577","165","199","123","162","105","29","226","58","668","118","698","285","1535","1985","408","110","1601","248","27","","412","95","3855","404","330","977","749","61","567","1823","","97","43","343"
"2020-09-20","889","138","240","488","171","150","194","198","91","55","224","88","840","109","734","340","2236","2147","335","112","921","122","22","","452","87","3726","685","83","845","770","46","697","1864","","138","120","270"
"2020-09-21","348","56","318","356","136","30","17","229","77","36","237","76","465","68","947","290","1837","1090","163","35","2080","116","41","","237","54","2580","314","45","639","608","78","332","1591","","114","64","34"
"2020-09-22","659","149","459","391","147","210","93","407","95","51","242","64","874","78","1130","260","1628","1628","270","112","749","215","45","","325","98","3304","560","204","675","756","87","580","1361","","161","111","212"
"2020-09-23","846","65","422","306","202","122","129","361","129","98","350","55","522","109","472","361","2360","1884","221","59","1830","286","36","","442","68","3847","749","78","690","604","104","511","2112","","135","128","336"
"2020-09-24","728","98","340","516","209","219","141","151","56","54","298","50","483","125","629","331","2163","1571","237","63","1268","209","43","","253","73","3555","528","78","905","848","103","553","1796","","185","131","174"
"2020-09-25","705","118","256","449","206","108","172","140","91","74","328","41","687","163","530","366","1876","1509","191","48","952","186","31","","320","90","3521","603","57","691","647","92","559","1663","","78","64","182"
"2020-09-26","697","93","198","389","202","192","202","284","50","90","257","67","357","88","678","214","2282","1635","357","79","1627","224","30","","373","88","4324","518","144","779","849","96","703","1646","","264","57","286"
"2020-09-27","709","113","277","296","149","307","128","457","115","73","285","66","358","112","417","242","2261","1267","386","70","1248","237","31","","390","73","3268","503","64","678","807","68","409","1722","","198","79","193"
"2020-09-28","390","52","155","205","176","164","82","207","23","81","228","49","121","133","303","218","2055","778","195","97","506","224","19","","172","35","1910","379","81","418","460","101","213","1492","","67","35","97"
"2020-09-29","661","88","298","348","156","196","216","328","47","153","242","64","554","73","318","223","1713","1045","193","53","1301","234","18","","275","78","2359","415","55","549","599","81","465","1245","","59","82","192"
"2020-09-30","764","74","180","323","214","155","143","368","127","69","177","28","359","134","430","209","2654","1351","207","40","1391","256","23","","413","88","3261","594","117","560","601","54","432","2082","","127","150","162"
"2020-10-01","835","104","270","325","186","162","211","263","100","61","102","41","366","89","417","290","2352","999","304","50","1332","114","27","","408","66","2625","472","129","515","602","52","460","1729","","203","60","155"
"2020-10-02","720","90","213","398","213","146","246","284","86","143","94","33","348","35","313","231","2440","1000","129","38","946","160","27","","304","66","2538","523","116","523","757","67","354","1670","","149","110","81"
"2020-10-03","631","166","185","329","151","134","148","196","74","95","105","32","266","100","315","182","2402","939","182","70","937","209","22","","244","72","2396","404","73","429","464","84","338","1607","","111","137","119"
"2020-10-04","603","73","142","311","152","124","118","200","47","54","131","18","190","86","255","146","1190","805","97","17","983","132","-7","","172","86","2515","353","73","489","630","26","396","1607","","132","97","105"
"2020-10-05","558","18","124","242","160","101","116","112","32","119","81","24","212","18","182","102","1836","654","180","39","944","123","14","","163","41","1215","271","52","321","486","10","183","1333","","67","56","55"
"2020-10-06","611","47","166","258","119","177","111","168","74","46","62","28","652","67","132","199","1625","754","158","117","697","204","14","","228","68","1738","381","50","345","774","106","397","1306","","217","77","85"
"2020-10-07","1108","35","123","254","143","127","55","204","76","142","59","25","403","15","221","183","2848","974","158","36","902","99","12","","312","81","2343","420","79","350","376","57","343","1821","","81","40","73"
"2020-10-08","882","33","211","165","103","109","36","149","120","84","37","19","198","17","153","150","2823","807","157","54","751","159","25","","244","44","2012","392","45","895","495","46","299","1473","","98","41","69"
"2020-10-09","676","14","181","143","92","105","62","164","101","135","51","18","359","55","217","153","2289","773","109","35","742","124","30","","288","53","1900","382","86","329","345","41","314","1655","","42","13","58"
"2020-10-10","813","37","104","272","125","94","61","157","64","142","64","20","182","87","147","101","2203","595","169","31","741","89","19","","239","63","1772","325","56","300","452","44","243","1436","","79","30","60"
"2020-10-11","517","19","112","185","125","95","55","160","61","162","42","15","222","171","135","98","2170","598","151","26","628","74","24","","192","33","1656","338","66","328","344","59","346","1421","","92","21","51"
"2020-10-12","336","23","86","122","81","67","29","182","36","61","66","16","87","45","75","59","1620","452","86","23","179","67","14","","120","36","957","229","36","212","246","5","164","1191","","19","30","32"
"2020-10-13","446","38","87","193","83","120","85","151","61","97","107","24","166","38","47","95","1325","657","97","20","774","107","17","","185","39","1304","248","42","259","266","34","258","902","","38","65","47"
"2020-10-14","478","48","107","166","124","151","42","310","102","91","102","13","160","52","114","126","2211","665","76","30","545","146","25","","311","38","1345","276","80","323","412","41","373","1231","","82","111","45"
"2020-10-15","369","49","77","187","135","93","43","230","133","83","123","37","182","123","91","70","2119","1016","93","51","661","60","25","","209","46","1301","276","61","224","289","21","180","1362","","83","51","73"
"2020-10-16","345","68","178","172","125","110","147","176","47","100","132","10","107","40","58","109","1823","3154","81","34","457","96","38","","244","25","1177","255","19","202","211","35","139","1308","","84","44","97"
"2020-10-17","381","56","108","188","129","94","127","137","74","27","107","33","224","94","83","90","1791","2180","113","30","344","57","50","","186","15","960","258","45","184","345","30","224","1175","","118","71","131"
"2020-10-18","344","69","147","202","83","103","60","216","134","117","118","29","230","254","69","83","1600","1315","89","31","199","64","20","","162","31","824","211","66","243","345","34","215","1159","","56","67","71"
"2020-10-19","195","21","78","102","81","35","102","255","8","79","103","11","88","367","72","46","1234","275","51","30","214","42","14","","83","26","625","153","98","137","166","2","104","935","","37","52","63"
"2020-10-20","376","32","67","415","90","103","105","136","40","130","88","25","144","129","36","112","1091","1041","36","41","597","106","17","","195","33","1112","187","39","183","213","29","209","880","","35","24","55"
"2020-10-21","295","50","85","154","90","79","73","247","26","90","146","12","126","104","81","81","1609","447","84","29","330","38","16","","198","20","1406","211","16","153","269","30","278","1099","","76","29","65"
"2020-10-22","273","32","91","172","130","114","106","209","31","75","82","9","157","4","64","82","1463","476","111","38","557","83","11","","159","28","885","226","27","174","294","42","262","917","","54","36","65"
"2020-10-23","293","30","66","137","89","90","64","178","40","101","91","15","96","129","68","78","1470","630","72","15","572","61","20","","142","21","727","185","35","243","322","35","194","881","","69","36","52"
"2020-10-24","205","26","95","76","83","83","79","186","27","91","83","17","131","83","56","56","1257","440","84","42","452","54","13","","139","20","808","186","22","133","233","8","155","875","","60","15","44"
"2020-10-25","236","32","61","153","83","93","36","205","13","90","74","12","92","48","69","83","1222","396","87","26","433","62","14","","117","16","651","137","44","195","202","34","188","734","","48","28","45"
"2020-10-26","122","19","36","98","75","22","33","150","41","66","36","7","64","37","49","38","804","158","26","22","277","22","11","","68","22","372","114","1","120","84","3","120","497","","14","5","12"
"2020-10-27","274","11","45","63","97","113","129","131","25","116","96","9","104","58","85","75","801","277","68","5","396","35","9","","123","18","577","149","36","217","220","26","186","654","","39","33","63"
"2020-10-28","283","24","35","109","93","88","56","242","28","122","96","9","130","93","72","68","1354","366","76","16","385","57","17","","131","33","787","172","16","228","269","40","250","845","","55","27","66"
"2020-10-29","282","28","91","53","79","88","84","178","27","113","91","8","70","53","56","51","1120","499","40","23","313","83","12","","129","23","762","139","10","133","186","43","257","688","","35","11","44"
"2020-10-30","251","20","56","46","79","90","115","197","28","110","86","17","56","92","69","59","1145","532","51","22","526","45","11","","108","22","752","169","30","109","260","13","178","737","","28","24","57"
"2020-10-31","195","40","37","69","100","78","36","141","8","68","36","6","87","86","65","61","992","303","59","24","536","46","10","","102","23","856","140","19","157","159","24","194","690","","30","13","58"
"2020-11-01","163","12","52","341","79","54","67","170","20","120","83","15","38","41","72","29","908","236","25","16","461","57","14","","91","23","757","144","7","137","221","13","180","605","","41","19","58"
"2020-11-02","132","16","16","186","62","28","48","104","4","78","28","23","41","45","32","50","706","164","54","19","486","29","11","","64","20","375","110","13","103","251","22","141","498","","18","10","22"
"2020-11-03","247","13","24","202","83","98","40","135","7","67","87","2","52","42","39","51","746","293","23","1","609","31","8","","100","17","585","123","2","100","138","15","228","523","","55","11","112"
"2020-11-04","269","21","40","51","99","90","52","166","42","144","112","8","64","59","45","49","983","329","38","28","424","29","11","","101","33","751","178","10","113","202","13","173","647","","68","6","57"
"2020-11-05","211","21","51","116","88","86","60","152","31","104","78","12","31","70","51","62","841","402","39","13","531","52","10","","65","21","552","148","2","86","275","13","224","639","","58","15","36"
"2020-11-06","216","16","50","69","77","97","64","177","50","82","67","9","58","103","31","48","792","2180","42","18","467","29","6","","102","20","642","149","4","64","232","13","181","611","","49","3","52"
"2020-11-07","224","17","40","45","80","45","63","101","33","68","27","7","71","50","20","29","576","620","17","39","243","61","8","","67","6","447","75","1","49","193","9","108","430","","48","6","36"
"2020-11-08","196","26","74","178","113","97","53","151","26","91","101","40","36","88","33","63","1496","452","30","20","420","37","8","","64","10","512","82","2","61","150","9","141","622","","43","12","48"
"2020-11-09","122","19","33","31","73","25","41","112","8","41","49","5","34","65","54","34","599","300","14","15","343","26","8","","39","13","410","54","4","30","102","8","119","402","","31","6","8"
"2020-11-10","215","38","33","71","94","84","35","120","18","61","66","17","36","55","20","38","535","287","45","23","180","28","15","","61","14","457","141","4","63","175","13","281","364","","53","6","45"
"2020-11-11","243","28","41","64","121","51","49","118","25","53","106","4","37","53","45","63","1069","237","27","22","441","17","12","","101","26","573","103","12","41","201","11","202","559","","66","33","53"
"2020-11-12","288","16","55","114","79","70","79","111","13","39","45","12","42","33","32","37","858","279","25","6","289","19","11","","86","11","584","119","4","62","178","12","222","572","","55","6","33"
"2020-11-13","210","19","55","104","62","60","56","115","32","62","87","4","35","42","428","38","801","281","20","6","243","29","-400","","59","11","449","117","","54","155","9","209","593","","48","3","36"
"2020-11-14","169","25","63","59","82","110","38","107","6","50","96","4","34","42","32","14","726","355","24","26","423","14","","","52","11","522","111","4","48","140","12","143","588","","45","33","29"
"2020-11-15","163","18","10","69","53","18","34","79","3","35","19","0","19","24","15","34","577","142","12","27","83","28","","","37","18","299","47","6","34","81","12","136","389","","9","3","11"
"2020-11-16","130","6","10","33","81","43","19","48","2","49","26","0","26","32","24","32","409","90","11","19","332","36","2","","13","12","378","39","3","29","45","7","137","330","","31","28","23"
"2020-11-17","138","35","25","62","110","53","35","124","8","42","89","4","26","58","16","17","541","126","27","9","165","25","39","","72","9","292","61","-1","18","64","7","107","244","","50","5","30"
"2020-11-18","291","28","28","63","73","117","55","162","19","53","98","6","73","24","40","57","871","313","30","13","465","22","14","","58","12","666","128","61","49","130","14","248","598","","36","18","78"
"2020-11-19","234","42","49","81","95","95","72","192","31","95","123","4","76","15","18","35","924","369","24","41","334","26","17","","88","9","789","143","79","49","218","13","239","758","","70","17","71"
"2020-11-20","319","35","66","102","47","64","75","149","12","71","116","9","50","41","41","38","1031","463","97","24","379","42","8","","78","11","748","157","95","61","130","9","248","697","","56","14","57"
"2020-11-21","308","34","72","56","73","84","83","96","10","118","157","8","45","42","29","71","1093","389","67","26","372","33","16","","73","17","913","125","83","62","149","31","229","686","","77","4","29"
"2020-11-22","293","30","84","38","64","136","138","102","20","104","126","10","72","34","28","84","1135","483","63","19","211","62","16","","65","11","770","139","23","78","189","15","340","636","","101","5","29"
"2020-11-23","199","52","110","49","60","37","45","30","8","80","102","6","52","15","9","55","800","314","42","20","323","42","16","","57","16","528","103","13","43","84","3","181","591","","37","13","18"
"2020-11-24","320","36","63","72","105","65","48","101","11","66","116","12","83","75","20","93","939","392","71","43","236","37","13","","80","23","828","162","90","68","216","24","225","611","","61","11","23"
"2020-11-25","339","61","81","255","60","72","27","161","8","62","132","4","47","27","14","69","1144","308","43","10","363","36","6","","97","21","1025","163","100","60","157","12","279","790","","84","4","38"
"2020-11-26","386","89","26","362","83","129","26","155","23","34","105","21","75","29","23","92","1147","370","44","7","394","16","11","","80","14","978","150","86","65","257","13","175","804","","102","9","26"
"2020-11-27","314","51","67","146","59","118","13","203","19","126","130","7","29","29","12","81","1074","463","15","48","370","73","9","","139","7","897","179","93","66","177","17","272","770","","66","8","38"
"2020-11-28","269","36","82","153","61","107","10","167","7","31","105","12","109","14","16","66","1063","423","37","40","253","22","25","","93","14","1095","168","7","51","228","17","199","844","","83","5","53"
"2020-11-29","273","48","43","133","50","121","18","215","17","73","108","37","64","33","22","62","940","408","95","4","380","47","21","","98","20","781","112","61","42","151","15","194","725","","56","5","72"
"2020-11-30","164","61","26","48","48","61","30","100","20","38","75","11","27","23","29","43","646","224","37","35","324","21","12","","55","21","522","97","41","35","80","20","185","465","","38","129","46"
"2020-12-01","265","32","126","121","77","51","33","299","18","43","59","15","36","53","8","53","724","445","19","32","371","31","15","","51","26","923","88","","26","66","14","110","493","","40","106","61"
"2020-12-26","125","36","39","147","22","26","7","69","17","23","28","1","31","11","10","36","536","330","23","15","126","14","","","39","12","418","54","7","21","72","13","90","356","","32","18","50"
"2020-12-27","117","22","93","25","30","21","29","58","10","11","26","6","33","35","18","18","578","315","24","49","354","19","","","26","10","586","63","7","29","96","11","108","383","","44","14","46"
"2020-12-28","85","50","55","65","24","13","21","36","11","5","24","14","18","24","8","21","557","367","27","45","132","12","","","22","15","327","60","2","11","38","4","59","296","","24","3","23"
"2020-12-29","83","18","84","46","43","42","39","43","10","17","23","1","66","16","8","51","537","254","30","21","325","10","","","48","4","513","60","20","31","48","27","81","346","","20","12","41"
"2020-12-30","133","42","81","29","36","57","4","42","15","36","25","3","47","24","15","28","714","349","70","81","250","23","","","46","8","628","60","4","29","47","7","88","420","","41","16","39"
"2020-12-31","84","23","67","92","35","37","39","19","23","13","16","10","55","32","15","44","714","351","29","74","268","23","","","35","9","552","68","6","18","130","8","97","383","","54","8","78"
"2021-01-01","123","55","77","65","18","41","47","27","15","56","26","5","55","20","9","27","631","448","22","43","320","30","","","36","6","564","56","5","19","70","6","90","418","","42","10","42"
"2021-01-02","121","30","86","54","42","48","56","33","7","8","16","3","29","19","8","28","593","432","48","49","212","21","","","49","7","508","68","13","22","61","12","78","373","","30","14","40"
"2021-01-03","117","30","97","31","33","35","33","45","29","9","22","15","70","15","11","24","581","424","60","32","139","24","","","35","8","545","102","17","18","31","9","87","430","","59","13","52"
"2021-01-04","-7","72","-5","79","51","8","59","58","-15","19","30","2","29","37","-376","2","-255","438","-9","82","268","38","-705","","248","10","476","245","-33","55","108","22","282","3445","","49","15","53"
"2021-01-05","77","31","64","33","31","74","38","60","19","9","33","6","66","17","10","49","539","352","22","67","156","17","","","37","20","507","117","12","23","41","30","87","392","","44","18","62"
"2021-01-06","126","74","51","131","36","41","5","47","9","13","29","25","72","25","19","22","795","492","65","64","511","21","0","","56","5","665","125","19","38","85","7","87","498","","72","12","40"
"2021-01-07","115","36","66","29","33","46","45","58","8","18","34","5","35","13","6","29","665","535","49","30","142","18","0","","57","4","738","94","12","33","58","4","91","480","","67","12","64"
"2021-01-08","110","32","53","64","41","44","54","53","20","14","29","9","46","0","8","23","654","438","25","52","298","25","","","24","17","607","99","13","27","52","19","98","510","","49","6","80"
"2021-01-09","102","53","53","138","30","21","39","49","28","12","17","1","49","38","7","29","596","419","51","52","215","20","0","","51","20","639","75","6","16","93","6","101","422","","57","12","64"
"2021-01-10","104","38","70","14","39","38","47","43","8","11","21","16","54","15","21","55","657","465","10","42","218","28","","","35","13","635","74","17","25","60","11","99","442","","52","16","65"
"2021-01-11","93","44","41","15","36","30","27","25","11","13","16","7","28","17","18","31","434","303","43","117","97","35","","","25","9","345","61","9","30","24","1","63","306","","28","13","43"
"2021-01-12","59","13","73","22","18","24","74","25","20","13","21","3","101","10","13","45","473","336","23","67","286","17","","","24","7","496","51","10","26","34","14","58","374","","31","19","56"
"2021-01-13","126","35","54","40","56","40","3","20","15","10","11","11","46","23","15","25","675","372","60","65","185","34","","","52","14","688","80","13","21","68","23","116","440","","43","8","69"
"2021-01-14","75","40","87","32","17","44","121","42","33","26","28","8","35","14","18","60","607","466","33","42","210","31","","","38","20","563","85","23","26","49","13","164","380","","34","21","94"
"2021-01-15","133","29","71","27","36","35","23","17","20","8","15","9","76","30","23","49","574","295","31","57","224","15","0","","40","12","573","84","40","16","51","14","80","329","","36","16","57"
"2021-01-16","103","51","56","88","35","21","30","32","25","13","7","2","31","7","16","45","571","339","20","45","85","30","0","","38","15","457","81","5","20","42","8","93","393","","25","25","56"
"2021-01-17","100","34","77","76","31","15","26","15","18","11","12","7","44","16","12","32","531","313","37","64","255","23","0","","31","18","496","72","27","49","72","21","70","358","","32","23","63"
"2021-01-18","83","25","15","20","30","20","56","12","10","1","14","13","23","8","8","19","395","238","34","19","85","10","","","16","14","303","57","3","12","64","5","42","206","","16","18","30"
"2021-01-19","50","24","35","49","20","15","40","11","19","12","16","8","33","11","7","85","473","178","16","76","64","22","0","","20","10","386","45","15","19","40","20","102","326","","20","3","24"
"2021-01-20","79","41","64","32","45","16","34","26","29","2","13","8","42","10","18","36","501","286","33","46","295","12","","","23","17","582","91","7","15","85","10","71","378","","30","11","27"
"2021-01-21","106","38","44","45","31","28","60","21","20","7","7","26","19","25","23","60","527","337","22","59","217","13","0","","41","15","455","68","13","12","70","14","55","306","","33","25","44"
"2021-01-22","68","48","84","44","38","15","47","26","6","5","9","9","63","24","22","63","483","277","16","54","117","24","0","","29","13","566","37","10","18","70","16","44","322","","29","21","62"
"2021-01-23","120","39","48","33","51","23","46","12","19","7","12","6","29","16","13","40","435","283","48","44","155","21","","","39","5","487","61","19","10","67","13","78","314","","39","25","40"
"2021-01-24","127","33","56","40","41","11","54","13","12","3","21","9","19","12","9","38","479","335","6","26","161","17","","","36","10","506","41","10","27","64","5","52","364","","42","13","60"
"2021-01-25","63","53","56","28","22","16","32","17","6","2","9","4","21","","7","45","348","230","6","35","38","7","0","","14","6","266","52","2","12","39","12","41","254","","34","18","47"
"2021-01-26","107","16","45","21","47","14","24","33","12","12","21","9","14","23","4","55","342","213","19","54","195","30","0","","25","2","512","34","3","8","70","20","67","270","","9","8","67"
"2021-01-27","109","26","96","42","45","15","26","13","8","7","9","6","19","0","8","35","435","153","25","33","106","22","","","21","4","323","47","5","14","23","0","101","280","","12","27","76"
"2021-01-28","125","22","83","26","32","17","28","17","7","3","18","0","40","39","15","44","394","292","91","18","229","20","","","23","12","576","75","3","31","52","21","85","347","","46","33","25"
"2021-01-29","90","63","84","54","44","23","47","21","5","5","0","7","72","8","28","25","494","357","10","18","111","7","0","","51","3","471","55","2","21","92","19","48","332","","39","17","48"
"2021-01-30","79","34","154","25","29","10","56","15","5","3","12","6","16","38","12","40","429","283","16","16","97","28","","","43","5","455","59","5","19","84","12","84","299","","47","16","99"
"2021-01-31","75","44","158","28","34","9","55","16","17","9","8","0","14","19","8","38","483","323","13","36","63","16","","","33","11","474","54","2","15","65","5","55","283","","39","23","60"
"2021-02-01","108","46","103","30","21","11","27","6","2","6","8","11","25","42","18","24","328","251","16","24","96","9","","","17","5","247","25","1","16","63","9","41","222","","37","12","41"
"2021-02-02","62","12","140","27","16","8","39","10","21","3","6","0","20","11","8","24","334","181","13","12","122","4","","","23","3","360","48","9","19","40","9","42","222","","28","16","35"
"2021-02-03","107","25","89","30","30","13","59","11","22","7","4","11","98","14","16","35","504","232","17","14","510","12","","","28","4","483","69","20","12","64","6","50","341","","15","9","31"
"2021-02-04","102","31","164","53","50","12","52","15","14","3","10","2","43","7","10","22","463","258","14","50","173","9","0","","36","7","516","54","45","14","61","8","67","273","","42","14","42"
"2021-02-05","60","54","160","30","34","23","79","13","9","1","8","2","47","17","24","31","415","229","2","31","174","16","","","30","7","449","58","44","19","67","5","47","327","","44","21","51"
"2021-02-06","101","47","168","54","19","17","51","12","15","5","16","3","27","41","13","40","414","346","86","41","141","22","","","20","4","415","55","14","20","61","7","57","308","","49","14","65"
"2021-02-07","49","52","224","35","22","5","29","11","14","2","4","8","60","15","20","17","448","308","38","26","52","24","","","36","5","446","70","9","27","125","14","44","298","","57","15","64"
"2021-02-08","72","52","136","40","21","11","39","12","9","2","8","2","34","1","5","24","399","258","9","12","186","5","","","30","9","334","54","10","15","66","4","42","222","","36","10","47"
"2021-02-09","68","25","316","39","20","3","15","2","10","1","2","1","56","38","8","38","375","330","21","5","29","14","","","22","9","497","35","13","17","61","3","70","261","","58","6","47"
"2021-02-10","82","71","331","73","25","6","50","9","22","4","5","4","44","5","14","23","558","365","3","10","315","19","","","40","22","534","74","41","18","62","10","63","403","","67","11","68"
"2021-02-11","116","70","303","42","25","-21","29","21","14","-5","2","-20","4","16","17","37","-910","196","-7","-6","329","6","-4","","-13","7","108","36","5","3","64","10","31","51","","14","13","69"
"2021-02-12","103","83","413","62","17","11","95","18","18","2","8","12","32","57","27","37","599","453","8","18","235","14","","","38","10","517","50","14","10","88","10","52","329","","138","9","83"
"2021-02-13","74","89","392","81","30","9","85","24","16","1","1","9","50","44","40","36","1128","517","20","32","175","16","","","74","4","1138","123","24","23","154","18","131","624","","66","16","81"
"2021-02-14","63","128","529","90","29","17","35","29","29","5","10","","116","25","4","51","645","509","19","2","194","11","","","22","21","617","75","21","22","103","11","30","399","","87","39","105"
"2021-02-15","81","104","499","56","16","9","173","17","25","7","5","15","52","40","12","15","493","460","74","2","126","5","","","15","26","394","58","37","9","71","4","48","314","","42","7","54"
"2021-02-16","76","74","392","87","20","19","89","10","22","8","2","9","49","21","19","20","461","598","14","31","224","16","","","5","31","650","72","32","14","39","6","60","324","","62","36","71"
"2021-02-17","115","189","625","104","28","18","102","24","21","10","7","","77","96","16","31","721","512","21","22","214","19","","","41","18","864","61","30","15","86","7","63","414","","91","43","82"
"2021-02-18","138","212","733","162","37","18","144","20","38","7","2","10","165","27","18","38","736","698","14","11","166","26","","","60","28","831","103","4","18","87","5","67","533","","102","38","131"
"2021-02-19","128","183","755","143","34","18","105","28","43","11","6","14","182","48","11","52","823","752","55","56","280","29","","","30","38","1005","102","44","10","69","6","91","498","","106","99","258"
"2021-02-20","136","348","1055","178","58","20","139","27","41","2","5","28","99","62","18","27","897","717","26","3","292","16","","","45","18","847","89","74","15","72","1","79","551","","112","92","92"
"2021-02-21","163","221","926","120","52","20","216","29","36","4","6","13","276","68","21","45","921","759","140","22","386","35","","","40","23","1172","105","14","39","53","4","84","612","","124","126","96"
"2021-02-22","120","226","649","214","39","19","135","35","38","15","14","18","135","23","6","35","761","773","29","6","193","5","","","37","20","688","87","2","10","90","9","66","479","","90","50","94"
"2021-02-23","105","191","786","211","49","22","161","29","78","1","16","23","251","131","21","55","643","687","70","48","210","25","","","26","40","1195","76","58","31","36","5","57","505","","122","89","165"
"2021-02-24","315","196","821","226","50","15","168","52","72","10","10","38","421","70","62","96","1167","1048","56","16","386","18","0","","72","110","1473","108","9","25","200","6","138","671","","188","315","179"
"2021-02-25","269","163","706","352","53","21","135","55","71","6","24","10","296","52","35","80","1145","1167","61","17","731","28","","","39","43","1525","84","9","22","112","10","97","708","","185","229","162"
"2021-02-26","183","235","967","200","50","43","140","63","58","22","11","57","356","37","37","69","1035","1174","123","32","362","27","0","","41","35","1445","125","6","18","137","1","108","678","","199","150","109"
"2021-02-27","271","287","545","266","77","39","227","28","84","17","22","16","381","102","37","79","987","1094","93","57","725","14","0","","55","42","1484","114","42","17","180","7","101","667","","161","124","181"
"2021-02-28","164","388","862","292","45","22","63","96","66","34","11","51","378","37","51","86","1051","994","79","16","226","34","","","61","50","1585","120","17","27","117","13","94","699","","212","86","166"
"2021-03-01","217","317","554","231","52","25","12","30","73","14","10","12","242","52","51","43","855","899","137","1","263","7","","","47","29","878","110","5","19","193","5","46","615","","92","170","91"
"2021-03-02","219","409","773","137","50","43","183","49","110","11","13","11","480","177","24","51","849","1088","65","43","241","34","0","","40","20","1227","99","6","26","51","8","116","661","","168","184","197"
"2021-03-03","209","439","661","518","83","25","197","54","118","10","25","56","433","46","37","51","1121","1181","70","108","757","32","","","72","52","1696","173","33","30","129","6","124","843","","106","142","218"
"2021-03-04","266","248","618","321","60","38","184","73","109","17","20","15","391","65","35","87","1104","1136","59","25","336","30","","","47","23","1848","173","6","31","94","19","144","779","","168","179","250"
"2021-03-05","295","253","690","358","97","32","71","133","82","15","12","32","540","87","23","109","1174","1521","100","125","572","43","","","71","46","1767","123","11","34","214","11","89","767","","261","207","251"
"2021-03-06","322","341","544","369","107","48","186","69","93","21","16","58","618","123","32","79","1188","1217","187","42","498","30","","","49","62","1925","157","2","37","185","9","102","814","","213","247","197"
"2021-03-07","356","377","595","532","124","34","199","157","87","26","15","29","486","167","21","68","1361","1358","263","60","414","51","0","","61","42","2000","153","41","41","65","12","108","918","","270","249","401"
"2021-03-08","320","257","352","428","91","45","161","58","91","17","24","45","424","113","25","111","1014","1396","101","12","644","30","","","38","47","1395","96","2","25","178","1","93","622","","157","129","202"
"2021-03-09","232","324","448","278","92","43","191","49","135","19","12","35","761","158","21","88","1012","1292","195","70","520","38","","","55","68","2098","118","3","21","59","15","134","755","","162","99","327"
"2021-03-10","329","339","401","632","115","37","263","73","168","37","26","40","721","310","22","74","1539","1860","221","118","1029","43","","","64","99","2507","199","8","43","193","13","182","1131","","286","134","403"
"2021-03-11","316","435","474","615","188","57","318","80","167","17","16","18","960","273","25","148","1509","2150","209","98","895","22","","","124","57","2811","192","48","57","150","15","127","1031","","317","128","270"
"2021-03-12","501","316","460","701","164","76","390","142","201","36","25","92","1064","225","35","129","1647","2067","264","62","1079","73","","","75","80","3264","153","22","35","155","23","161","1262","","203","180","455"
"2021-03-13","440","378","427","771","183","66","535","71","196","24","15","61","712","174","42","108","1709","2279","410","207","1092","37","0","","87","54","3066","228","20","53","114","6","185","1174","","235","160","283"
"2021-03-14","436","287","375","903","260","70","334","96","242","22","41","62","584","240","34","108","1963","2353","491","170","1344","55","","","98","84","3259","267","13","41","150","18","200","1348","","280","132","260"
"2021-03-15","548","212","368","785","244","81","349","128","310","16","49","46","700","174","30","142","1713","2448","432","266","1115","73","","","74","139","2183","218","5","47","149","5","154","1042","","345","186","275"
"2021-03-16","464","342","351","992","285","74","435","92","309","47","49","98","563","251","41","195","1922","2621","551","391","756","70","","","103","151","3574","246","112","71","135","18","285","1400","","219","216","435"
"2021-03-17","602","455","469","1145","265","144","532","150","337","47","39","74","570","190","49","187","2377","3405","486","382","2126","106","0","","115","192","4724","367","8","118","303","18","241","1952","","360","281","363"
"2021-03-18","446","853","371","1661","239","98","388","132","330","45","51","88","809","307","67","281","2877","3831","706","362","2570","96","","","168","169","4973","306","2","84","297","21","313","1839","","366","229","458"
"2021-03-19","649","658","452","1880","302","103","442","105","335","29","46","28","1052","685","54","237","3063","3298","801","424","1476","85","","","193","193","5098","380","38","79","125","22","249","2101","","357","210","432"
"2021-03-20","632","710","425","1524","273","128","485","113","410","79","52","112","839","563","70","280","2982","3731","794","476","1923","119","0","","206","298","5591","430","23","184","226","15","300","2079","","330","264","460"
"2021-03-21","754","631","325","1714","335","121","568","262","366","26","90","126","1494","521","69","367","3779","3665","1353","324","2722","106","","","207","252","5421","439","22","140","326","17","404","2545","","376","298","370"
"2021-03-22","839","533","265","1392","246","113","455","98","298","20","54","93","991","282","84","242","3262","3662","1091","229","1364","154","","","108","275","4345","451","8","139","133","18","259","2391","","284","240","227"
"2021-03-23","678","560","213","1777","213","199","327","110","417","63","48","108","1104","404","66","436","3514","3091","1666","618","1502","183","","","223","341","5741","343","133","204","157","24","468","2790","","234","280","464"
"2021-03-24","594","556","250","1451","312","220","264","413","409","39","46","129","915","432","57","385","5190","3747","1022","498","1693","153","","","322","289","6754","546","32","154","288","28","520","3089","","368","220","470"
"2021-03-25","1313","464","276","1902","345","241","602","214","364","36","86","33","862","337","93","519","5505","3670","1411","531","3423","178","","","332","411","6427","622","23","146","363","47","601","3603","","309","311","352"
"2021-03-26","818","559","280","1873","387","273","342","219","432","60","93","108","1221","607","60","529","5515","4157","1108","213","3525","189","","","346","331","7147","579","71","203","487","26","604","3475","","289","329","447"
"2021-03-27","639","322","391","1501","382","201","454","155","574","46","99","123","1072","524","49","474","6130","3741","1106","399","3515","190","","","410","199","6591","628","52","174","359","56","532","3470","","245","519","404"
"2021-03-28","1211","480","510","1226","297","425","304","399","847","42","103","81","924","349","74","485","6933","3999","1211","178","3613","237","","","490","330","8324","622","24","212","400","71","595","4274","","370","426","348"
"2021-03-29","1295","154","429","929","398","239","435","72","383","22","124","43","883","256","118","389","5890","3243","1008","377","2721","323","","","290","407","4972","474","60","249","460","27","453","3527","","264","426","303"
"2021-03-30","1058","159","79","1351","327","34","145","25","447","16","26","159","736","116","74","550","4760","1208","1027","348","2489","279","","","190","452","6282","426","73","217","185","38","651","3431","","54","257","249"
"2021-03-31","1624","418","307","1385","339","577","376","342","593","104","113","216","1104","295","102","601","5399","3123","1302","568","4515","321","0","","423","391","8553","589","94","290","372","81","646","3530","","302","167","382"
"2021-04-01","1279","454","300","1454","394","750","365","526","443","75","163","103","1065","316","96","678","8646","3696","1322","466","3098","287","","","578","449","8025","767","69","267","528","53","756","4795","","365","296","259"
"2021-04-02","1745","407","214","1225","385","798","600","263","461","87","209","174","1270","623","161","759","8948","4155","1276","686","3838","284","0","","693","500","9126","910","-43","361","724","54","1030","4970","","442","297","281"
"2021-04-03","1964","317","253","1138","448","837","849","353","367","64","250","77","1304","407","184","678","9108","3943","1218","820","3963","349","","","568","255","10873","822","57","204","688","70","707","5491","","300","285","236"
"2021-04-04","1553","228","227","1786","500","856","1019","399","478","58","312","192","1332","554","163","675","11206","4258","1289","644","3659","419","0","","750","871","12472","1178","228","445","487","88","1018","6808","","421","223","278"
"2021-04-05","1776","469","195","1052","589","651","1253","322","346","78","246","111","578","1055","144","786","9879","3628","892","405","4170","241","","","682","329","8211","792","23","290","747","71","685","5786","","320","209","277"
"2021-04-06","1959","268","249","1455","741","865","1320","452","725","123","383","274","1381","469","252","903","10040","3753","1354","752","4385","436","0","","1016","629","11040","1080","96","430","507","69","784","6458","","363","162","296"
"2021-04-07","1608","181","349","1765","597","1159","1563","566","848","162","551","184","1194","921","233","950","10442","5721","1465","678","3853","293","","","941","528","11023","1213","45","390","903","116","846","7356","","687","290","286"
"2021-04-08","2161","347","325","1211","746","1044","883","565","718","194","549","255","1242","817","173","999","8938","5930","1347","582","3429","362","0","","789","727","12059","961","96","417","642","91","860","5886","","441","207","293"
"2021-04-09","1978","360","450","1325","753","1214","640","796","355","213","649","179","1232","627","186","1390","9202","6897","1880","701","4109","449","0","","966","720","10083","1292","122","374","691","92","1088","6948","","566","209","257"
"2021-04-10","2144","359","319","1111","783","979","302","770","376","153","602","129","1163","224","314","1458","9330","5299","1817","565","3608","535","","","864","726","9822","1153","161","424","870","141","1057","6894","","570","212","177"
"2021-04-11","2320","299","281","1405","1090","1449","88","624","308","161","727","107","1696","605","235","1606","9986","6791","1604","479","3343","681","0","","1111","898","12590","1351","176","429","843","196","1220","7505","","382","465","243"
"2021-04-12","1926","418","290","1023","717","1616","115","700","233","150","563","234","976","322","240","1325","6893","5734","1928","493","3240","532","","","797","532","9821","1056","138","533","991","174","949","5678","","691","412","311"
"2021-04-13","2552","283","378","1735","1052","1138","103","850","267","338","730","390","968","658","415","1885","7873","7206","1616","525","4338","657","0","","993","550","10019","1573","161","633","1078","319","1275","6157","","831","412","254"
"2021-04-14","2324","283","510","1360","945","1481","100","1036","470","382","648","226","1017","1197","354","1732","9931","6562","1542","538","3960","573","","","1049","546","7887","1416","132","817","1059","65","963","6280","","707","536","324"
"2021-04-15","2977","437","756","1348","993","1252","78","1541","520","174","602","333","859","735","393","1635","8209","7075","1248","387","4839","685","","","1050","918","9961","1470","422","841","1153","363","1055","6177","","387","300","522"
"2021-04-16","2924","433","609","1336","1007","1384","108","1011","491","466","566","296","925","622","421","1732","8803","6395","1354","667","4279","800","","","1262","841","11045","1469","478","1079","1365","128","1481","6101","","737","543","571"
"2021-04-17","3102","238","751","1396","1227","1218","73","1051","253","304","864","188","1261","902","482","1594","8811","7484","1507","365","3848","624","0","","1409","869","12825","1622","358","870","1489","323","1460","6133","","803","673","746"
"2021-04-18","3476","515","850","1415","1157","1222","53","1749","338","651","744","279","1570","867","579","1785","8468","7159","1264","430","3785","715","0","","1396","857","12675","1742","306","1040","1406","339","1506","6026","","958","378","931"
"2021-04-19","3101","720","492","1388","1116","824","123","2297","200","374","505","318","733","806","737","1399","7381","6747","1383","364","3832","605","","","1127","635","9559","1238","261","867","1175","159","939","5877","","756","337","549"
"2021-04-20","2674","369","629","1324","1041","846","66","1106","377","677","903","149","994","841","621","1449","7192","7246","1104","543","4013","742","0","","1395","769","10446","1918","401","1144","1520","279","1372","5697","","914","389","947"
"2021-04-21","2992","363","700","1191","1056","1160","100","1576","337","561","606","249","1110","877","763","1637","7654","7555","1318","371","6768","729","","","1489","828","10852","1864","338","1165","1648","179","1462","5484","","889","367","1230"
"2021-04-22","3092","740","518","1273","1150","950","873","1542","347","383","640","233","1093","601","617","1248","7367","8076","1102","248","5688","739","0","","1491","673","9907","1702","512","1058","1769","234","1543","6635","","917","367","1685"
"2021-04-23","3607","581","613","1214","1234","1124","774","1576","336","477","653","219","1290","887","570","1448","7199","7970","1249","444","3424","805","0","","1837","1018","9863","1744","549","1396","1705","129","1652","6188","","1023","502","1536"
"2021-04-24","3547","622","637","1595","1233","1369","641","1742","362","472","562","248","941","872","901","1363","5867","8033","868","408","4792","587","","","1642","916","10025","1730","814","1313","1912","287","1778","5867","","1225","562","1427"
"2021-04-25","3275","409","705","1853","1254","1364","392","1823","279","467","627","251","860","688","949","1467","5498","7948","1091","715","4808","832","","","1565","844","10174","1712","648","1216","1879","234","1975","5521","","960","369","1539"
"2021-04-26","2771","194","540","877","1099","721","851","1399","204","365","597","239","819","698","774","1053","3840","5879","851","245","4437","542","","","987","505","6162","1134","536","1088","1408","191","1523","3722","","493","250","1706"
"2021-04-27","2554","643","591","1468","1300","1167","1100","1840","409","552","542","250","862","944","818","1263","3999","6895","1027","803","12436","852","","","1234","977","9078","1243","677","1562","1624","259","1513","3555","","777","383","1161"
"2021-04-28","2954","391","596","1472","1367","1318","1008","1347","355","589","469","317","983","881","891","1168","4926","7984","646","974","4749","784","","","1754","996","9472","1708","1056","1456","1772","135","1893","4394","","1077","440","987"
