"date","Assam/.","Assam/Airport","Assam/Airport Quarantine","Assam/Baksa","Assam/Barpeta","Assam/Biswanath","Assam/Bongaigaon","Assam/Cachar","Assam/Charaideo","Assam/Chirang","Assam/Darrang","Assam/Dhemaji","Assam/Dhubri","Assam/Dibrugarh","Assam/Dima Hasao","Assam/Goalpara","Assam/Golaghat","Assam/Hailakandi","Assam/Hojai","Assam/Jorhat","Assam/Kamrup","Assam/Kamrup Metropolitan","Assam/Karbi Anglong","Assam/Karimganj","Assam/Kishanganj","Assam/Kokrajhar","Assam/Lakhimpur","Assam/Majuli","Assam/Morigaon","Assam/Nagaon","Assam/Nalbari","Assam/Other State","Assam/Sarusajai Quarantine Centre","Assam/Sivasagar","Assam/Sonitpur","Assam/South Salmara Mankachar","Assam/Tinsukia","Assam/Udalguri","Assam/West Karbi Anglong"
"2020-03-31","","","","","","","","","","","","","","","","","","","","","","","","","","","","","","","","","","","","","","",""
"2020-04-01","","","","","","","","","","","","","","","","","","","","","","","","","","","","","","","","","","","","","","",""
"2020-04-03","","","","","","","","","","","","","","","","","","","","","","","","","","","","","","","","","","","","","","",""
"2020-04-04","","","","","","","","","","","","","","","","","","","","","","","","","","","","","","","","","","","","","","",""
"2020-04-07","","","","","","","","","","","","","","","","","","","","","","","","","","","","","","","","","","","","","","",""
"2020-04-09","","","","","","","","","","","","","","","","","","","","","","","","","","","","","","","","","","","","","","",""
"2020-04-12","","","","","","","","","","","","","","","","","","","","","","","","","","","","","","","","","","","","","","",""
"2020-04-13","","","","","","","","","","","","","","","","","","","","","","","","","","","","","","","","","","","","","","",""
"2020-04-14","","","","","","","","","","","","","","","","","","","","","","","","","","","","","","","","","","","","","","",""
"2020-04-16","","","","","","","","","","","","","","","","","","","","","","","","","","","","","","","","","","","","","","",""
"2020-04-28","","","","","","","","","","","","","","","","","","","","","","","","","","","","","","","","","","","","","","",""
"2020-04-29","","","","","","","","","","","","","1","","","1","","","","","","","","","","","","","","","","","","","","","","",""
"2020-04-30","","","","","","","","","","","","","","","","","","","","","","","","","","","","","","","","","","","","","","",""
"2020-05-01","","","","","","","","","","","","","","","","","1","","","","","","","","","","","","2","","","1","","","","","","",""
"2020-05-05","","","","","","","","","","","","","","","","1","","","","","","","","","","","","","","","","","","","","","","",""
"2020-05-06","","","","","","","","","","","","","2","","","","","","","","","","","1","","","","","","","","","","","","","","",""
"2020-05-07","","","","","","","","","","","","","","","","","","","","","","","","","","","","","","","","","","","","","","",""
"2020-05-08","","","","","","","","","","","","","","","","","","","","","","","","","","","","","","","","","","","","","","",""
"2020-05-09","","","","","","","","","","","","","","","","","","","","","","","","","","","","","","","","","","","","","","",""
"2020-05-10","","","","","","","","","","","","","","","","","","","","","","","","","","","","","","","","","","","","","","",""
"2020-05-11","","","","","","","5","","","","","","","","","","","","","","","","","","","","","","2","","","","","","","","","",""
"2020-05-13","","","","","","","","","","","","","","","","","","","","","","","","","","","","","","","","","","","","","","",""
"2020-05-14","","","","","","","","","","","","","","","","","","","","","","","","","","","","","2","","","","","","","","","",""
"2020-05-15","","","","","","","","1","","","","","","","","","","","","","","","","","","","","","","","","","","","","","","",""
"2020-05-16","","","","","","","","","","","","","","","","","","","","","","","","","","","","","","","","","","","","","","",""
"2020-05-17","","","","","","","","1","","","","","","","","","","","","","","","","","","","","","","","","","","","","","","",""
"2020-05-18","","","","","","","","1","","","","","","","","","1","","","","","","","","","","","","","","","","","","","","","",""
"2020-05-19","","","","","","","","","","","","","","","","","1","","","","","","","2","","","","","","","","","","","","","","",""
"2020-05-20","","","","","","","","5","","","","","","","","","","","","2","","1","","2","","","","","","","","","","","","","","",""
"2020-05-21","","","","","","","","9","","","","","2","","","","","","","","","3","","","","","","","","","","","","","","","","",""
"2020-05-22","","","","","","","","9","","","","","","","","","","","","","","","","","","","","","","","","","","","","","","",""
"2020-05-23","","","","","","","","9","","","","","2","","","1","1","","","2","","5","","","","","","","2","","","","","","","","","",""
"2020-05-24","","","","","","","","","","","","","","","","","","","","2","","6","","","","","","","2","","","","","","","","","",""
"2020-05-25","","","","","","","","9","","","","","","","","1","1","","","4","","9","","2","","","","","2","","","","","","","","","",""
"2020-05-26","","","","","","","","","","","","","2","","","1","1","","","","","9","","2","","","","","2","","","","","","","","","",""
"2020-05-27","","","","","","","","","","","","","","","","","1","","","4","","9","","","","","","","2","","","","","","","","","",""
"2020-05-28","","","","","","","","10","","","","","2","","","1","","","","","","24","","2","","","","","","","","","","","","","","",""
"2020-05-29","","","","","","","","15","","","","","2","","","","1","","","6","","64","","2","","","","","","","","","","","","","","",""
"2020-05-30","","","","","8","","5","29","","","","","2","","","","1","","","9","","77","","","","","","","2","","","","","","","","","",""
"2020-05-31","","","","","8","","","33","","","","","2","","","1","1","","","11","","93","","2","","","","","","","","","","","","","","",""
"2020-06-01","","","","","10","","","41","","","","","2","1","","1","","","","18","","161","","2","","","","","2","","","","","","13","","","",""
"2020-06-02","","","","","12","","","59","","","","1","","","","","13","","","18","","180","","2","","","","","","","","","","","","","","","1"
"2020-06-03","","","","","22","","","61","","","","","2","1","7","","18","","","21","5","219","1","2","","","5","","","","","","","","13","","","","0"
"2020-06-04","","","","","27","","5","65","","","","5","2","","7","1","21","","","21","5","249","","","","","5","","2","","","","","","","","","",""
"2020-06-05","","","","","38","","5","64","","","","5","2","4","7","","27","","","26","18","249","","2","","","","","","","","","","","26","","","",""
"2020-06-06","","","","","38","7","5","64","","","","5","2","4","7","1","34","","","26","18","288","1","13","","","5","","2","10","5","","","","26","","","","0"
"2020-06-07","","","","","40","","","77","","","","5","2","5","","","34","5","","28","20","289","5","","","","5","","6","22","","","","","","","","2",""
"2020-06-08","","","","","55","7","7","81","","","","6","","5","","","79","","","54","20","314","7","16","","10","5","","","22","","","","","35","","6","",""
"2020-06-09","","","","","55","","7","81","","","","6","","5","","1","79","5","","54","20","338","7","16","","","5","","15","25","","","","","35","","6","2",""
"2020-06-10","","","","","","","","","","","","6","","","","","","","","54","","","","","","10","5","","","25","","","","","","","","",""
"2020-06-11","","","","","55","","","","","","","","","5","","","79","","","","","","","","","","5","","","25","","","","","35","","","","0"
"2020-06-13","","","","","","","","","","","","6","","","","","79","","","54","","","7","","","","","","","25","","","","","","","","","0"
"2020-06-14","","","","","55","16","7","81","","","","6","2","","9","","80","","","54","20","338","7","20","","","5","","24","25","","","","26","","","","2",""
"2020-06-15","","","","","","16","","","","","","6","2","5","","","","","","54","","","","","","","5","","","","","","","","","","","",""
"2020-06-16","","","","","","","","","","","","6","","","","","","","","","","","","","","","","","","25","","","","","35","","","2",""
"2020-06-17","","","","","55","16","7","81","","","","6","","5","9","","80","5","","54","20","338","7","","","10","","","","25","","","","","35","","","2",""
"2020-06-18","","","","","55","16","","81","","","","6","2","5","","","80","5","","","","338","7","20","","10","5","","","25","5","","","26","35","","6","2",""
"2020-06-21","","","","","","","","","","","","6","","","","","80","","","54","","382","","","","","","","","25","","","","","","","6","2",""
"2020-06-25","","","","","","16","","","","","","6","2","5","","","","","","","20","382","","20","","10","","","","","5","","","","35","","6","",""
"2020-06-26","","","","","","","","","","","","","","","","","","","","","","382","","","","","","","","","","","","","","","","",""
"2020-06-28","","","","","","","","","","","","","","","","","","","","","","382","","","","","","","","","","","","","","","","",""
"2020-06-29","","","","","","","","","","","","","","","","","","","","","","382","","","","","","","","","","","","","","","","",""
"2020-06-30","","","","","55","","","","","","","6","","","","","","5","","54","","385","7","","","","5","","","25","","","","","35","","","",""
"2020-07-01","","","","","","","","","","","","","","","","","","","","","","385","","","","","","","","","","","","","","","","",""
"2020-07-02","","","","","","","","","","","","","","","","","","","","","","385","","","","","","","","","","","","","","","","",""
"2020-07-03","","","","","","","","","","","","","","","","","","","","","","385","","","","","","","","","","","","","","","","",""
"2020-07-04","","","","","","","","","","","","","","","","","","","","","","385","","","","","","","","","","","","","","","","",""
"2020-07-05","","","","","","","","","","","","","","","","","","","","","","385","","","","","","","","","","","","","","","","",""
"2020-07-06","","","","","","","","","","","","","","","","","","","","","","385","","","","","","","","","","","","","","","","",""
"2020-07-07","","","","","","","","","","","","","","","","","","","","","20","385","","","","","","","","25","","","","","","","","",""
"2020-07-08","","","","","55","","","","","","","","","","","","","","","","","385","","","","","","","","","","","","26","","","","2",""
"2020-07-09","","","","","","","","","","","","","","","","","","","","","","385","7","","","","","","","","","","","","","","","184",""
"2020-07-10","","","","","","","","","","","","","","","","","","","","","","385","","","","","","","","","","","","","","","","197",""
"2020-07-11","","","","","","","","","","","","","","","","","","","","","","385","","","","","","","","","","","","","","","","",""
"2020-07-12","","","","","","","","","","","","","","","","","","","","54","","385","","","","","","","","25","","","","","","","","210",""
"2020-07-13","","","","","340","","87","248","","52","261","","407","156","116","","545","381","163","110","62","4586","187","141","","","124","","136","107","39","","","26","331","11","109","",""
"2020-07-14","","","","","","","","","","","","","","","","","","","","","","4586","","","","","","","","","","","","","","","","",""
"2020-07-15","","","","","","","","","","","","","","","","","","","","","","4586","","","","","","","","","","","","","","","109","",""
"2020-07-16","","","","","","","","","","","","","","","","","","","","","","4586","","","","","","","","","","","","","","","","",""
"2020-07-17","","","","","","","","","","","","","","","","","","","","","","4586","","","","","","","","","","","","","","","","",""
"2020-07-18","","","","","","","","","","","","","","","","","","","","110","","4586","","","","","","","","","","","","","","","","",""
"2020-07-19","","","","59","400","97","179","336","38","71","341","148","471","206","126","39","649","417","203","305","152","6001","238","303","","119","171","21","156","704","153","","","74","421","","296","226",""
"2020-07-20","","","","","","","","","","","","","","","","","","","","","","6001","","","","119","","","","","","","","","","","","",""
"2020-07-21","","","","","","","","","","","341","","","206","","","","","","","152","6001","","","","","","","","","","","","","","","","",""
"2020-07-22","","","","","","","","","","","","","","","","","","","","305","","6001","","","","","","","","","","","","","","","","",""
"2020-07-23","","","","","","","","","","","","","","","","","","","","","","6001","","303","","119","","","","","","","","","","","","",""
"2020-07-24","","","","","","","","336","","","","","","","","","","","","","","6001","","303","","","","","","","153","","","","","","","",""
"2020-07-25","","","","","","","","","","","","","","","","","649","","","","","6001","","","","","","","","704","","","","","","","","",""
"2020-07-26","","","13","190","668","116","304","799","","","779","169","604","550","147","201","881","663","603","691","317","8700","238","391","","228","330","25","62","1009","260","","","199","498","41","629","261","19"
"2020-07-27","","","","","","","","","","","","","","550","","","","","","691","","8700","238","","","","","","","","","","","","","","629","",""
"2020-07-28","","","","","","","","","","","","","","","","","","","","","317","8700","","","","","","","","","","","","","","","","",""
"2020-07-29","","","","","","","","799","","","","","","","","","","","","691","317","8700","","","","","","","","","","","","","","","629","",""
"2020-07-30","","","","","","","","","","","779","","","","","","","","","","317","8700","","","","","","","","1009","","","","","498","","","",""
"2020-07-31","","","","","","","","799","","","","","","550","","","","","603","691","317","8700","","","","","","","","1009","","","","","498","","","",""
"2020-08-01","","","","","","","","799","","","","","","550","","","881","","","","","8700","","","","","","","","","","","","","498","","","",""
"2020-08-02","","","","","","","","","","","","","","","","","","","","691","","8700","","391","","","","","","","","","","","","","629","",""
"2020-08-03","","","","","","","","","","","","","","550","","","","","","","317","8700","","","","","","","","1009","","","","199","","","629","",""
"2020-08-04","","","","301","739","179","556","1498","67","175","1077","238","782","1486","166","379","1244","785","788","1569","1007","11335","322","549","","348","564","54","345","1688","592","","","290","914","42","1318","417","29"
"2020-08-05","","","","","","","","1498","","","1077","","","1486","","","","","","","1007","11335","","","","","","","","1688","","","","","","","1318","",""
"2020-08-06","","","","","","","","1498","","","","","","1486","","","","","","1569","","11335","","549","","","","","","1688","","","","","","","1318","",""
"2020-08-07","","","","","","","","1498","","","","","782","1486","","","","","","","1007","11335","","","","348","","","","1688","","","","","","","","",""
"2020-08-08","","","","","","","","1498","","","","","","1486","","","","","","","","11335","","","","348","","","","1688","592","","","","","","1318","",""
"2020-08-09","","","","","","","","","","","","","","1486","","","","","","1569","1007","11335","","","","","","","345","","","","","","","","1318","",""
"2020-08-10","","","","","","","","","","","","","","1486","","","","","","","1007","11335","","","","","","","","1688","","","","","914","","","",""
"2020-08-11","","","","","","","","1498","","","","","","1486","","","","","","","","11335","322","","","","","","","","","","","","","","1318","",""
"2020-08-12","","","","447","1024","379","834","1497","105","219","1730","440","1212","2409","199","565","1648","1116","1160","1752","2073","14598","552","955","","353","1134","80","553","2506","824","","","473","1727","46","1798","666","37"
"2020-08-13","","","","","","","834","1497","","","","","","2409","","","","","","","2073","14598","","955","","","1134","","","","","","","","","","","",""
"2020-08-14","","","","","","","","","","","","","","2409","","565","","1116","","","2073","14598","552","","","","","","","2506","","","","","","","","",""
"2020-08-15","","","","","","","834","","","","1730","","","2409","","","","1116","","","","14598","","955","","","","","","2506","","","","","","","","",""
"2020-08-16","","","","447","","","","1497","","","1730","","","2409","","","","","","","","14598","","","","353","","","","","","","","473","","","","",""
"2020-08-17","","","","","","","","1497","","","1730","","","2409","","","1648","","","","2073","14598","","","","","","","","","","","","","","","1798","666",""
"2020-08-18","","","","","","","","1497","","","","","","2409","","","","","","","2073","14598","","955","","","","","","","","","","","","","","",""
"2020-08-19","","","","","","","","1497","","","","","","2409","","","1648","1116","","1752","","14598","","955","","","","","","2506","","","","","","","","",""
"2020-08-20","","","","","1024","","","","","","","","1212","2409","","","","","","","2073","","552","955","","","","","","","","","","","","","","",""
"2020-08-21","","","","","1024","","","1497","","","","","1212","2409","","","","1116","","","2073","14598","","","","","","","","","","","","","","","","",""
"2020-08-22","","","","","","","","1497","","","","","","2409","","","","","","1752","2073","14598","","","","","","","","","","","","","1727","","","",""
"2020-08-23","","","","447","","","","1497","","","","","","2409","","","","","1160","","2073","14598","","955","","","","","","","824","","","","","","","",""
"2020-08-24","","","","","","","","1497","105","","","","","2409","","","","","","1752","","14598","552","955","","353","","","","2506","","","","","","","","",""
"2020-08-25","","","","447","","","","1497","","","","","","2409","","","1648","","","1752","2073","14598","552","","","","","80","","","824","","","","","","","",""
"2020-08-26","","","","","","","","1497","","","","","1212","2409","","","1648","","1160","1752","2073","14598","","955","","","1134","","","2506","824","","","473","","","1798","",""
"2020-08-27","","","","447","","","","","","","1730","","","2409","","","","1116","","1752","","14598","","","","","","","","","","","","","","","","",""
"2020-08-28","","","","","","","","1497","","","","","","2409","","","1648","1116","","1752","2073","14598","","","","","","","","","","","","473","","","1798","",""
"2020-08-29","","","","","","","","1497","","","","","","2409","","","","","","1752","","14598","","","","","","","","","","","","","","","1798","","37"
"2020-08-30","","","","","","","","1497","","219","","","","","","","1648","","","1752","","14598","","","","","","","","2506","","","","","","","","",""
"2020-08-31","","","","","","","","1497","","","","","","2409","","","1648","","","1752","","14598","","","","","","","","","","","","473","","","1798","",""
"2020-09-01","","","","","","","","1497","","","","440","","2409","","","","","1160","1752","","14598","","955","","","","","","","824","","","","","","","",""
"2020-09-02","","","","447","","","","","","","1730","","","2409","","","","","","","","14598","","955","","","","","","2506","","","","","","","","",""
"2020-09-03","","","","","1024","","","1497","","","","","","2409","","","","","1160","","","14598","","","","","","","","","824","","","473","","","","",""
"2020-09-04","","","","","","","","","","","","","","2409","","","","","1160","1752","2073","14598","","955","","353","","","","2506","","","","473","","","1798","666",""
"2020-09-05","","","","","","","834","","105","","1730","","","","","","","1116","","1752","2073","14598","","","","","1134","","","","","","","473","","","","",""
"2020-09-06","","","","","","","","","","","","","","2409","","","","","1160","","","14598","","","","","","","","","","","","","","","","",""
"2020-09-07","","","","","","","","","","","","","","2409","","","","","","1752","","14598","","","","","1134","","","","","","","","","","","",""
"2020-09-08","","","","","","","834","1497","","","","440","","2409","","","","","1160","1752","","14598","","","","","","","","","","","","","","","","666",""
"2020-09-09","","","","","","","","","","","","","","2409","","","","","","1752","","14598","","","","","1134","","","","","","","","","","","",""
"2020-09-10","","","","","","","","","","","","","","2409","","","","","","1752","","14598","","","","","1134","","","","","","","","","","","",""
"2020-09-11","","","","","","","","","","","","440","","2409","","","","","","1752","","14598","","","","","","","","","","","","","","","","",""
"2020-09-12","","","","","","","","","","","","","","2409","","","","","","1752","","14598","","","","","1134","","","","","","","","","","","",""
"2020-09-13","","","","","","","","","","","","","","","","","","","","1752","","14598","","","","","1134","","","","","","","","","","","",""
"2020-09-14","","","","","","","","","","","","","","2409","","","1648","","","1752","","14598","","","","","1134","","","","","","","","","","","",""
"2020-09-15","","","","","","","","","","","","","","2409","","","","","","1752","","14598","","","","","1134","","","","","","","","","","","",""
"2020-09-16","","","","","","","","","","","","","","2409","","","1648","","","1752","","14598","","","","","","","","","","","","","","","","",""
"2020-09-17","","","","","","","","","","","","","","","","","","","","1752","","14598","","","","","","","","","","","","","","","","",""
"2020-09-19","","","","","","","","","","","","","","","","","1648","","","1752","","14598","","","","","1134","","","","","","","","","","","",""
"2020-09-20","","","","447","","","","","105","","","","","2409","","","1648","","1160","1752","","14598","","","","","","","553","","","","","","","","1798","",""
"2020-09-21","","","","","","","","","105","","","440","1212","2409","","565","1648","","1160","1752","","14598","","","","","1134","","","","","","","473","","","","",""
"2020-09-22","","","","","1024","","834","1497","","","1730","","","2409","","","1648","","","1752","","14598","","","","","","","","","","","","","","","","",""
"2020-09-23","","","","","","","","1497","","219","","","","2409","","","","","","1752","2073","14598","","","","","1134","","","","824","","","473","","","1798","",""
"2020-09-24","","","","","","","","","","","","","","2409","","","1648","","","1752","","14598","","","","","","","","","","","","","","","","",""
"2020-09-25","","","","","","","","1497","","","1730","","","2409","","565","1648","","","1752","","14598","","","","","1134","","","","","","","473","","","","",""
"2020-09-26","","","","","","","","","","","","440","","2409","","","1648","","1160","1752","","14598","","955","","","","","","2506","","","","473","1727","","","666",""
"2020-09-27","","","","","","","","","","","","","","","","","","","","1752","","14598","","","","","","","","","","","","","","","","",""
"2020-09-28","","","","","","","","","","","","","","","","","1648","","","1752","","14598","","","","","","","","","","","","","1727","","","",""
"2020-09-29","","","","","","","","","","","1730","","1212","2409","","","","","","1752","","","","","","353","1134","80","","","824","","","473","","","","",""
"2020-09-30","","","","","","","","1497","","","1730","","","2409","","","","","","1752","2073","","","955","","353","1134","","553","2506","824","","","","1727","","","",""
"2020-10-02","","","","","","","","","","","","","","2409","","565","","","","","","14598","","","","","1134","","","","","","","473","","","","",""
"2020-10-03","","","","","","","","1497","","","","","","2409","","","","","","1752","2073","14598","552","","","","1134","","","2506","824","","","473","","","","",""
"2020-10-04","","","","","","","","","","","1730","440","1212","2409","","","1648","","","1752","","14598","","","","","1134","80","","2506","","","","","","","","",""
"2020-10-05","","","","","1024","","","","","","1730","440","","2409","","","1648","","","","","14598","","","","","1134","","553","","","","","473","","","","",""
"2020-10-06","","","","","1024","","834","1497","","219","","","1212","2409","","","1648","","","1752","","14598","","","","","","","","2506","","","","473","1727","","","",""
"2020-10-07","","","","","","","","","","","","","","","","","","","","","","14598","","","","","","","","","","","","","","","","",""
"2020-10-08","","","","","","","","1497","","","","","1212","2409","","","1648","","","1752","","14598","","","","353","1134","80","","","","","","","","","","",""
"2020-10-09","","","","","","","","","105","","","","","2409","","","","","","1752","","14598","","","","","","","","2506","","","","473","1727","","","",""
"2020-10-10","","","","","","","","","105","","","","","2409","","","1648","","","","2073","14598","","","","","","80","","2506","","","","473","1727","","","",""
"2020-10-11","","","","","","","","","","","","","","","199","565","","","","1752","","14598","","","","","","","","","","","","","","","","",""
"2020-10-12","","","","","","","","","","","","","","2409","","565","1648","","","1752","","14598","","","","","1134","","","","","","","","","46","1798","",""
"2020-10-13","","","","","","","","","","","","","","2409","","","","","","1752","","14598","","","","","","","","","","","","473","","","","",""
"2020-10-15","","","","","","","","","","","","","","","","","","","","","","14598","","","","","","","","","","","","","","","","",""
"2020-10-17","","","","","","","","","","219","","440","","2409","","","1648","","","1752","2073","14598","552","","","","","","","","","","","473","","","","",""
"2020-10-18","","","","","","","","","","","","","","","","","","","1160","1752","","","","","","","","","","2506","","","","","","","","",""
"2020-10-19","","","","","","","","","","","","","","","","","1648","","","1752","","14598","","","","","","","","","","","","","","","1798","",""
"2020-10-20","","","","","","379","","","","","","","","","","","1648","","","","","14598","","","","","","","","","","","","","","","1798","",""
"2020-10-21","","","","","","","","","","","","","","","","","1648","","","","","14598","","","","","","80","","2506","","","","","","","","",""
"2020-10-22","","","","","","","","","","","","","","","","","1648","","","1752","","14598","","","","","1134","","","","","","","","1727","","1798","",""
"2020-10-23","","","","","","","","","","","","","","","","","","","","","","14598","","","","","","","553","","","","","","1727","","","",""
"2020-10-24","","","","","","","","","","","","","","","","","","","","","","14598","","","","","","","","","","","","","","","","",""
"2020-10-25","","","","","","379","","","","","","","","","","","1648","","","1752","","","","","","","1134","","","","","","","","","","","",""
"2020-10-26","","","","","","","","","","","","","","","","","","","","","","14598","","","","","","","","","","","","","","","","",""
"2020-10-27","","","","","","379","","","","","","","","2409","","","1648","","","","2073","14598","","","","","","","","","","","","","","","1798","",""
"2020-10-28","","","","","","","","","","","","","","","","","1648","","","","","14598","","","","","","","","","","","","","","","","",""
"2020-10-29","","","","","","379","","","","","","","","","","","","","","","","14598","","","","353","1134","","","2506","","","","473","","","","",""
"2020-10-30","","","","","1024","","","","","","","","","","","","1648","","","","","14598","","","","","","","","2506","","","","","","","","",""
"2020-11-01","","","","","","","","","","","","","","","","","","","","","2073","14598","","","","","","","","","","","","","","","","",""
"2020-11-02","","","","","","","","","","","","","","","","","","","1160","","","14598","","","","","","","","","","","","","","","","",""
"2020-11-03","","","","","","379","","","","","","","","","","","","","","","","14598","","","","","","","","","","","","","","","","",""
"2020-11-04","","","","","","","","","","","","","","","","","","","","","","14598","","","","","","","","","","","","","","","","",""
"2020-11-05","","","","","","","","","","","","","","","","","","","","","","14598","","","","","","","","","","","","","","","","",""
"2020-11-06","","","","","","","","","","","","","","2409","","","","","","","","14598","","","","","","","","","","","","473","","","","",""
"2020-11-07","","","","","","","","","","","","","","","","","","","","","","14598","","","","","1134","","","","","","","","","","1798","",""
"2020-11-08","","","","","","","","","","","","","","","","","","","","","","14598","","","","","","","","","","","","","","","","",""
"2020-11-09","","","","","1024","","","","","","","","","","","565","","","","","","14598","","","","","","","","2506","","","","","","","","",""
"2020-11-10","","","","","","","","","","","","","","2409","","","","","","","","14598","","","","","","","","","","","","","","","1798","",""
"2020-11-11","","","","","","","","","","","","","","","","","","","","","","14598","","","","","","","","","","","","","","","","",""
"2020-11-12","","","","","1024","","","","","","","","","2409","","","","","","","","15369","","","","","","","","","","","","","","","1798","",""
"2020-11-13","","","","","","","","","","","","","","","","","","","","","","15369","","","","","","","","","","","","","","","","",""
"2020-11-14","","","","","","","","","","","","","","2409","","","","","","","","15369","","","","","","","","","","","","","","","","",""
"2020-11-15","","","","","","","","","","","","","","","","","","","","","","15369","","","","","","","","","","","","","","","","",""
"2020-11-16","","","","","","","","","","","","","","","199","","","","","","","15369","","","","","","","","","","","","","","","","",""
"2020-11-17","","","","","","","","","","","","","","","","565","","","","","","15369","","","","","","","","","","","","","","","1798","",""
"2020-11-18","","","","","","","","","","","","","","","","","","","","","2073","15369","","","","","","","","","","","","","","","1798","",""
"2020-11-19","","","","","","","","","","","","","","","","","","","","","","15369","","","","","","","","","","","","","","","","",""
"2020-11-20","","","","","","","","","","","","","","","","","","","","","","15369","","","","","","","553","","824","","","","","","","",""
"2020-11-21","","","","","","","","","","219","","","","","","","","","","1752","","15369","","","","","","","","","","","","","","","","",""
"2020-11-22","","","","","","","","","","","","","","","","","","","","1752","","","","","","","","","","","","","","","","","","",""
"2020-11-23","","","","","","","","","","","","","","2409","","","","","","","","","","","","","","","","","","","","","","","","",""
"2020-11-24","","","","","","","","","","","","","","","","","","","","","","15369","","","","","","","","","","","","","","","1798","",""
"2020-11-25","","","","","1024","","","","","","","","","2409","","","","","","","","15369","","","","","","","","","","","","","","","","",""
"2020-11-27","","","","","","","","","","","","","","2409","","565","","","","","","15369","","","","","","","","","","","","","","","","",""
"2020-11-28","","","","","","","","","","","","","","","","","","","","","","15369","","","","","","","","","","","","","","","","",""
"2020-11-29","","","","","","","","","","","","","","","","","","","","","","15369","","","","","","","","","","","","","","","","666",""
"2020-11-30","","","","","","","","","","","","","","","","","","","","","","15369","","","","","","","","","","","","","","","","",""
"2020-12-01","","","","","","","","","","","","","","","","","","","","","","15369","","","","","","","","","","","","","","","","",""
"2020-12-26","","","","","","","834","","","","","","","","","","","","","","2073","15369","","","","","","","","","","","","","","","","",""
"2020-12-27","","","","","","","","","","","","","","","","","","","","","","15369","","","","","","","","","","","","","","","1798","",""
"2020-12-28","","","","","","","","","","","","","","","","","","","","","","15369","","","","","","","","","","","","","","","","",""
"2020-12-29","","","","","","","","","","","","","1212","","","","","","","","","15369","","","","","","","","","","","","473","","","","",""
"2020-12-30","","","","","","","","1497","","","","","","","","","","","","","","15369","","","","","","","","","824","","","","","","","",""
"2020-12-31","","","","","","","","1497","","","","","","","","","","","","","","15369","","","","","","","","","","","","","","","","",""
"2021-01-02","","","","","","","","","","","","","","","","","","","","","","15369","","","","","","","","","","","","","","","","",""
"2021-01-03","","","","","","","","","","","","","","","","","","","","","","15369","","","","","","","","","","","","","","","","",""
"2021-01-04","","","","","","","","","","","","","","","","","","","","","","15369","","","","","","","","","","","","","","","","",""
"2021-01-05","","","","","","","","","","","","","","","","","","","","","","15369","","","","","","","","","","","","","","","","",""
"2021-01-06","","","","","","","","","","","","","","","","","","","","","","15369","","","","","","","","","","","","","","","","",""
"2021-01-07","","","","","","","","","","","","","","","","","","","","","","15369","","","","","","","","","","","","","","","","",""
"2021-01-08","","","","","","","","","","","","","","","","","","","","","","15369","","","","","","","","","","","","","","","","",""
"2021-01-09","","","","","","","","","","","","","","","","","","","","","","15369","","","","","","","","","","","","","","","","",""
"2021-01-11","","","","","","","","","","","","","","","","","","","","","","15369","","","","","","","","","","","","","","","","",""
"2021-01-12","","","","","","","","","","","","","","","","","","","","","","15369","","","","","","","","","","","","","","","","",""
"2021-01-13","","","","","","","","","","","","","","","","","","","","","","15369","","","","","","","","","","","","","","","","",""
"2021-01-15","","","","","","","","","","","","","","","","","","","","","","15369","","","","","","","","","","","","","","","","",""
"2021-01-16","","","","","","","","","","","","","","","","","","","","","","15369","","","","","","","","","","","","","","","","",""
"2021-01-17","","","","","","","","1497","","","","","","","","","","","","","","15369","","","","","","","","","","","","","","","1798","",""
"2021-01-18","","","","","","","","1497","","","","","","2409","","","","","","","2073","15369","","","","","","","","","","","","","","","","",""
"2021-01-19","","","","","","","","","","","","","","2409","","","","","","","","15369","","","","","","","","2506","","","","","","","","",""
"2021-01-20","","","","","","","","1497","","","","","","2409","","","","","","","","15369","","955","","","","","","2506","","","","","","","","",""
"2021-01-21","","","","","","","","","","","","","","2409","","","","","","","","15369","","","","","","","","","","","","","","46","1798","",""
"2021-01-22","","","","","","","","","","","","","","2409","","","","","","","","15369","","955","","","","","","","","","","","","","","",""
"2021-01-23","","","","","","","","","105","","","","","","199","565","","","","","","","","","","","","","","","","","","","","","","",""
"2021-01-24","","","","","","","","","","","","","","","","","","","","","","15369","","","","","","","","2506","","","","","1727","","","",""
"2021-01-25","","","","","","","","1497","","","","","","2409","","","","","","","","15369","","","","","","","","","","","","","","","","",""
"2021-01-26","","","","","","","","","","","","","","2409","","","","","","","","","","","","353","","","","2506","","","","","","","","",""
"2021-01-27","","","","","","","","1497","","","","","","2409","","","","","","","","15369","","","","","","","","2506","","","","","","","","",""
"2021-01-28","","","","","","","","","","","","","","","","","","","","","","15369","","","","","","","","","","","","","","","","",""
"2021-01-29","","","","","","","","","","","","","","2409","","","1648","1116","","","","15369","","","","","","","","","","","","","","","","",""
"2021-01-30","","","","","","","","","","","","","","2409","","","","","","","","15369","","","","","","","","","","","","","","","","",""
"2021-01-31","","","","","","","","1497","","","","","","2409","","","","","","","","15369","","","","","","","","","","","","","","","","",""
"2021-02-01","","","","","","","","","","","","","","","","","","","","","","15369","","","","","","","","","","","","","","","1798","",""
"2021-02-02","","","","","","","","","","","","","","","","","","","","","","15369","","","","","","","","","","","","","1727","","","",""
"2021-02-03","","","","","","","","","","","","","","2409","","","","","","","","15369","","","","","","","","","","","","","1727","","","",""
"2021-02-04","","","","","","","","","","","","","","","199","","","","","1752","","15369","","","","","","","","","","","","","","","","",""
"2021-02-05","","","","","","379","","","","","","","","2409","","","","","","","","15369","","","","","","","","","","","","","","","","",""
"2021-02-07","","","","","","","","","","","","","","","","","","","","","","15369","","","","","","","","","","","","","1727","","","",""
"2021-02-08","","","","","","","","","","","","","","2409","","","","","","","","15369","","","","","","","","","","","","","","","","",""
"2021-02-09","","","","","","","","","","","","","","2409","","","","","","","","15369","","","","","","","","","","","","","","","1798","",""
"2021-02-10","","","","","","","","","","","","","","2409","","","","","","","","15369","","","","","","","","","","","","","","","","",""
"2021-02-11","","","","","","","","","","","","","","2409","","","","","","","","15369","","","","353","","","","","","","","","","","","",""
"2021-02-12","","","","","","","","","","","","","","","","","","","","","","15369","","","","","","","","","","","","","","","","",""
"2021-02-14","","","","","","","","","","","","","","","","","","","","","","15369","","","","","","","","2506","","","","","","","","",""
"2021-02-15","","","","","","","","","","","","","","2409","","","","","","","","15369","","","","","","","","","","","","","1727","","","",""
"2021-02-16","","","","","","379","","","","","","","","","","","","","","","","15369","","","","","","","","","","","","","","","","",""
"2021-02-17","","","","","","379","","","","","","","","","","","","","","1752","","15369","","","","","","","","","","","","","","","","",""
"2021-02-18","","","","","","","","","","","","","","","","","","","","","","15369","","","","","","","","","824","","","","","","1798","",""
"2021-02-19","","","","","","","","","","","","","","2409","","","","","","","","15369","","","","","","","","","","","","","","","1798","",""
"2021-02-20","","","","","","","","","","","","","","2409","","","","","","","","15369","","","","","","","","","","","","","","","1798","",""
"2021-02-21","","","","","","","","","","","","","","","","","","","","","","15369","","","","","","","","","","","","","","","1798","",""
"2021-02-22","","","","","","","","","","","","","","2409","","","","","","1752","","15369","","","","","","","","","","","","","","","","",""
"2021-02-23","","","","","","","","","","","","","","2409","","","","","","","","15369","","","","","","","","","","","","","","","1798","",""
"2021-02-24","","","","","","","","","","","","","","","","","","","","","","15369","","","","353","","","","","","","","","","","1798","",""
"2021-02-25","","","","","","","","","","","","","","2409","","","","","","","","15369","","","","","","","","","","","","","","","1798","",""
"2021-02-26","","","","","","","","","","","","","","2409","","","","","","1752","","15369","","","","","","","","","","","","","","","1798","",""
"2021-02-27","","","","","","","","","","","","","","2409","","","","","","","","15369","","","","","","","","","","","","","","","","",""
"2021-02-28","","","","","","","","","","","","","","2409","","","","","","","","15369","","","","","","","","2506","","","","","","","1798","",""
"2021-03-01","","","","","","","","","","","","","","2409","","","","","","","","15369","","","","","","","","","","","","","","","1798","",""
"2021-03-02","","","","","","","","","","","","","","","","","","","","","","15369","","","","353","","","","","","","","","","","","",""
"2021-03-03","","","","","","","","","","","","","","","","","","","","","","15369","","","","","","","","","","","","","","","1798","",""
"2021-03-04","","","","","","","","1497","","","","","","2409","","","","","","","","15369","","","","","","","","","","","","","","","1798","666",""
"2021-03-05","","","","","","","","","","","","","","2409","","","","","","","","15369","","","","","","","","","","","","","","","1798","",""
"2021-03-06","","","","","","","","1497","","","","","","","","","","","","","","15369","","","","","","","","","","","","","","","1798","",""
"2021-03-07","","","","","","","","","","","","440","","2409","","","","","","","","15369","","","","","","","553","","","","","","","","1798","",""
"2021-03-08","","","","","","","","","","","","","","2409","","","","","","","","15369","","","","","","","","","","","","","","","1798","",""
"2021-03-09","","","","","","","834","","","","","","","2409","","","","","","","2073","15369","","","","","","","","","","","","","","","1798","",""
"2021-03-10","","","","","","","834","","","","","","","2409","","","","","","1752","2073","15369","","","","","","","","","","","","","","","","",""
"2021-03-11","","","","","","","","","","","","","","","","","","","","","","15369","","","","","","","","","","","","","","","1798","",""
"2021-03-12","","","","","","","","","","","","","","2409","","","","","","","","15369","","","","","","","","2506","","","","","1727","","","",""
"2021-03-13","","","","","","","","","","","","","","","","","1648","","","1752","","15369","","","","","","","","2506","","","","","","","1798","",""
"2021-03-14","","","","","","","","1497","","","","","","","","","","","","1752","","15369","","","","","","","","","","","","","","","1798","",""
"2021-03-15","","","","","","","","","","","","","","","","","","","","","","15369","","","","","","","","2506","","","","","","","1798","",""
"2021-03-16","","","","","","","","1497","","","","","","","","","","","","","","15369","","","","","","","553","","","","","","","","1798","",""
"2021-03-17","","","","","","","","","","","","","","","","","","","","1752","","15369","","","","","","","","","","","","","","","1798","",""
"2021-03-18","","","","","","","","","","219","","","","","","","","","","1752","","15369","","","","","","","","2506","","","","","","","","",""
"2021-03-19","","","","","","","","","","","","","","2409","","","","","","1752","","15369","","","","","","","","","","","","","","","","",""
"2021-03-21","","","","","","","","1497","","","","","","","","","","","","1752","","15369","","","","","","","","2506","","","","","","","1798","",""
"2021-03-23","","","","","","","","","","","","","","","","","","","","","","15369","","","","","","","","2506","","","","","1727","","1798","666",""
"2021-03-24","","","","","","","","","","","","","","","","","","","","","","15369","","","","","","","","","","","","473","1727","","","",""
