"date","Arunachal Pradesh/Anjaw","Arunachal Pradesh/Changlang","Arunachal Pradesh/East Kameng","Arunachal Pradesh/East Siang","Arunachal Pradesh/Kamle","Arunachal Pradesh/Kra Daadi","Arunachal Pradesh/Kurung Kumey","Arunachal Pradesh/Lepa Rada","Arunachal Pradesh/Lohit","Arunachal Pradesh/Longding","Arunachal Pradesh/Lower Dibang Valley","Arunachal Pradesh/Lower Siang","Arunachal Pradesh/Lower Subansiri","Arunachal Pradesh/Namsai","Arunachal Pradesh/Pakke Kessang","Arunachal Pradesh/Papum Pare","Arunachal Pradesh/Shi Yomi","Arunachal Pradesh/Siang","Arunachal Pradesh/Tawang","Arunachal Pradesh/Tirap","Arunachal Pradesh/Upper Dibang Valley","Arunachal Pradesh/Upper Siang","Arunachal Pradesh/Upper Subansiri","Arunachal Pradesh/West Kameng","Arunachal Pradesh/West Siang"
"2020-04-02","","","","","","","","","","","","","","","","","","","","","","","","",""
"2020-05-24","","","","","","","","","","","","","","","","","","","","","","","","",""
"2020-05-28","","","","","","","","","","","","","","","","","","","","","","","","",""
"2020-05-30","","","","","","","","","","","","","","","","","","","","","","","","",""
"2020-06-01","","","","","","","","","","","","","","","","","","","","","","","","",""
"2020-06-02","","","","","","","","","","","","","","","","","","","","","","","","",""
"2020-06-03","","","","","","","","","","","","","","","","","","","","","","","","",""
"2020-06-04",""," ##.## %","","","","","","","","","","","","","","","","","","","","","","",""
"2020-06-05",""," ##.## %","","","","","","","","","","","","","","","","","","","","","","",""
"2020-06-06",""," ##.## %","","","","","","","","","","","","","","","","","","","","","","",""
"2020-06-07",""," 18.31 %","","","","","","","","","","","","","","","","","","","","","","",""
"2020-06-08","","  8.78 %","","","","","","","","","","","","","","","","","","","","","","",""
"2020-06-09","","","","","","","","","","","","","","","","","","","","","","","","",""
"2020-06-10","","  7.96 %","","","","","","","","","","","","","","","","","","","","","","",""
"2020-06-11","","  6.79 %","","","","","","","","","","","","","","","","","","","","","","",""
"2020-06-12",""," 11.73 %","","","","","","","","","","","","","","","","","","","","","","",""
"2020-06-13",""," 11.30 %","","","","","","","","","","",""," 20.00 %","","","","","","","","","","",""
"2020-06-14","","","","","","","","","","","","","","",""," 65.33 %","","","","","","","","",""
"2020-06-15","","  8.91 %","","","","","",""," 10.00 %","","","","","",""," 70.33 %","","","","","","","","",""
"2020-06-16","","  8.39 %","","","","","","","","","","","","",""," 32.33 %","","","","","","","","",""
"2020-06-17","","  7.41 %","","","","","","","","","","",""," 26.67 %",""," 19.00 %","","","","","","","","",""
"2020-06-18","","","","","","","","","","","","","","","","","","","","","","","","",""
"2020-06-19","","  5.16 %","","","","","",""," 16.67 %","","","","","",""," 42.64 %","","","","","","","","",""
"2020-06-20","","","","","","","","","","","","","","","","","","","","","","","","",""
"2020-06-21","","",""," 70.00 %","","","","","","","","","","",""," 33.97 %","","","","","","","","",""
"2020-06-22","","  5.42 %","","","","","",""," 36.67 %","","","","","","","","","","","","","","","",""
"2020-06-23","","  6.10 %","","","","","","","","","","","","",""," 35.40 %","","","","","","","","",""
"2020-06-24","","","","","","","","","","","","","","",""," 33.94 %","","","","","","","","",""
"2020-06-25","","  5.31 %",""," 72.22 %","","","","","",""," 30.00 %","",""," 66.67 %",""," 36.04 %","","","","","","","","",""
"2020-06-26","","  5.31 %","","","","","",""," 36.67 %","","","","","",""," 12.88 %","","","","","","",""," 46.67 %",""
"2020-06-27","","  1.98 %","","","","","","","","","","",""," 46.67 %","","","","","","","","",""," 51.67 %",""
"2020-06-28","","   .52 %",""," 52.22 %","","","","","","","","",""," 38.67 %",""," 10.95 %","","","","","","","","",""
"2020-06-29","","  1.29 %","","","","","","","","","","","","","","  5.39 %","","","","","","","","",""
"2020-06-30","","","","","","","","","","","","","","","","","","","","","","",""," 50.33 %",""
"2020-07-01","","  1.03 %","","","","","","","","","","",""," 40.48 %","","  5.26 %","","","","","","",""," 10.33 %",""
"2020-07-02","","  1.52 %","","","","","","","","","","",""," 35.48 %",""," 17.04 %","","",""," 30.00 %","","","","",""
"2020-07-03","","  2.97 %","","","","","","","","","","","","",""," 18.00 %","","","","","","",""," 18.75 %",""
"2020-07-04","","","","","","","","","","","","","","",""," 16.83 %","","",""," 43.33 %","","","","",""
"2020-07-05","","  3.16 %","","","","","","","","","","","","  8.56 %",""," 16.63 %","","","","","","","","",""
"2020-07-06","","  2.39 %","","","","","","","","","","","","",""," 16.43 %","","","","","","",""," 18.75 %",""
"2020-07-07","","  2.39 %","","","","","","","","","","","","  9.90 %","","  3.62 %","","","","","","",""," 13.75 %",""
"2020-07-08","","  2.12 %","","","","","",""," 16.67 %"," 46.67 %"," 30.00 %","","","","","  3.18 %","","","","","","","","  9.16 %",""
"2020-07-09","","  2.19 %","","","","","","","","","","","","  7.90 %","","  3.15 %","","",""," 23.33 %","","","","",""
"2020-07-10","","  2.35 %","","","","","","","","","","","","  8.58 %","","  7.81 %","","","","","","","","",""
"2020-07-11","","  2.35 %","","","","","","","","","","","","","","  8.35 %","","","","","","","","  9.88 %",""
"2020-07-12","","  3.72 %","","","","","","","","","","","","  8.02 %","","  8.88 %","","","","","","","","  1.46 %",""
"2020-07-13","","  3.68 %","","","","","","","","","","","","  7.05 %",""," 10.82 %","","",""," 13.33 %","","","","",""
"2020-07-14","","  2.34 %",""," 66.22 %","","","","",""," 51.67 %"," 23.33 %","","","  8.57 %",""," 16.36 %","","",""," 17.33 %","","","","   .77 %",""
"2020-07-15","","","","","","",""," 78.33 %","","","","",""," 20.24 %",""," 12.12 %","","","","","","","","",""
"2020-07-16","","",""," 32.59 %","","","","","","","","","","",""," 14.99 %","","","","","","","","",""
"2020-07-17","","  2.46 %",""," 33.97 %","","","","","","",""," 55.67 %",""," 18.27 %",""," 17.63 %","","","","","","","","   .77 %",""
"2020-07-18","","","","","","","","","",""," 25.33 %"," 89.00 %",""," 17.16 %",""," 16.12 %","","","","","","","","  1.45 %",""
"2020-07-19","","  2.46 %",""," 33.68 %","","",""," 80.33 %","",""," 27.83 %","",""," 17.61 %",""," 14.32 %","","","","","","","","   .74 %"," 50.00 %"
"2020-07-20","","","","","","","","","","","",""," 74.76 %","",""," 14.83 %","",""," ##.## %","","","","",""," 54.00 %"
"2020-07-21","","","","","","","","","",""," 30.06 %",""," 81.08 %"," 16.12 %",""," 13.73 %","","","","","","","","",""
"2020-07-22","","",""," 42.50 %","","","","",""," 63.67 %"," 36.06 %"," 50.25 %"," 31.08 %","  7.43 %",""," 10.81 %","","",""," 60.67 %","","","","  2.07 %"," 87.33 %"
"2020-07-23","","  1.09 %","","","","","","","",""," 24.26 %","","","  8.39 %",""," 10.60 %","","",""," 47.33 %","","","",""," 71.08 %"
"2020-07-24","","   .90 %","","","","","",""," 21.67 %",""," 15.12 %",""," 16.79 %","  8.73 %","","  8.47 %","","",""," 52.60 %","","","","  3.39 %",""
"2020-07-25","","  2.81 %",""," 19.32 %","","","",""," 20.71 %",""," 12.62 %"," 44.76 %"," 13.46 %","  6.17 %","","  8.16 %","",""," ##.## %"," 57.60 %","","","",""," 72.14 %"
"2020-07-26","","  3.35 %",""," 13.35 %","","","","","","",""," 39.76 %","  7.12 %","","","  5.78 %","","","","",""," ##.## %","","  3.39 %",""
"2020-07-27","","  4.68 %",""," 11.97 %","","",""," 80.33 %"," 22.94 %"," 23.67 %"," 11.65 %","","","","","  5.96 %","",""," ##.## %"," 56.26 %",""," ##.## %","",""," 44.14 %"
"2020-07-28","","  7.18 %",""," 11.19 %","","",""," 42.15 %"," 30.94 %"," 17.00 %","  8.00 %"," 36.87 %","","  5.48 %","","  5.49 %","",""," ##.## %"," 17.64 %",""," ##.## %","","  4.99 %"," 41.95 %"
"2020-07-29","","  9.40 %"," ##.## %","  2.73 %","","","",""," 40.94 %"," 17.00 %","","  4.59 %","   .80 %","  4.47 %","","  4.23 %","",""," ##.## %"," 20.49 %",""," 26.18 %"," 60.00 %","  6.57 %"," 15.29 %"
"2020-07-30","","  9.20 %"," ##.## %","  2.27 %","","","",""," 26.89 %","","  7.51 %","","  8.49 %","  5.68 %","","  3.58 %","",""," 31.83 %"," 15.65 %",""," 21.18 %","","  5.23 %"," 11.54 %"
"2020-07-31",""," 11.80 %"," 26.69 %","  6.79 %","","","",""," 22.08 %"," 22.00 %","  5.66 %","  4.34 %","","  8.23 %","","  4.00 %","","",""," 11.05 %","","  9.18 %","","  5.10 %",""
"2020-08-01",""," 10.55 %","","  9.60 %","","","","",""," 11.67 %","  5.66 %","  6.97 %"," 10.16 %","  8.69 %","","  3.43 %","",""," 26.05 %"," 11.59 %",""," 11.26 %","","  8.43 %"," 10.48 %"
"2020-08-02","","  8.14 %"," 27.77 %","  9.19 %","","",""," 10.48 %"," 25.08 %","","  4.41 %","","","  8.01 %","","  2.85 %","","","","  6.88 %","","","","  6.62 %",""
"2020-08-03","","  6.68 %"," 14.95 %"," 12.16 %","","","",""," 17.08 %"," 13.21 %","  2.05 %"," 11.77 %","","  8.96 %","","  2.48 %","","","","","","  4.20 %","","  5.43 %"," 10.36 %"
"2020-08-04","","  4.95 %"," 14.53 %"," 12.62 %","","","",""," 12.60 %","",""," 15.18 %","","  6.28 %","","  1.96 %","",""," 10.05 %","  4.71 %","","","","  6.56 %",""
"2020-08-05","","  2.62 %"," 15.48 %"," 10.06 %","","","",""," 15.97 %","","  1.95 %"," 14.13 %"," 10.16 %","  3.97 %","","  1.64 %","","","  9.78 %","  4.96 %","","  3.33 %","",""," 10.83 %"
"2020-08-06","","  2.69 %","  9.14 %","  7.24 %","","","",""," 19.50 %","","   .95 %"," 14.18 %",""," 13.99 %","","   .88 %","","","  8.93 %","  4.88 %","","  3.33 %","","  6.43 %","  4.67 %"
"2020-08-07","","  3.50 %"," 19.99 %"," 10.19 %","","","",""," 16.47 %"," 14.63 %","  1.86 %"," 12.87 %",""," 14.11 %","","   .96 %","","","  5.89 %","  1.68 %","","","","  4.85 %",""
"2020-08-08","","  2.81 %"," 21.82 %","  7.30 %","","","","",""," 14.63 %","  1.86 %"," 10.29 %","  9.36 %"," 11.69 %","","  1.02 %","","","  5.52 %","  3.27 %","","  3.33 %","","  4.92 %"," 10.67 %"
"2020-08-09","",""," 23.35 %","  7.21 %","","","","","","","","  7.37 %",""," 11.93 %","","  1.01 %","","","  6.24 %","  3.46 %","","   .71 %","",""," 11.83 %"
"2020-08-10","","  3.07 %"," 21.90 %","  5.69 %","","",""," 11.64 %"," 17.12 %","","  4.47 %","  8.12 %","  9.87 %"," 11.82 %","","  1.11 %","","","  6.46 %","  2.79 %","","   .71 %"," 85.00 %"," 11.50 %",""
"2020-08-11","","  1.82 %"," 18.96 %","  6.50 %","","","",""," 15.42 %","","  5.06 %","  7.06 %","  2.18 %","  1.34 %","","  1.52 %","","","","  2.47 %","","",""," 10.37 %"," 15.77 %"
"2020-08-12","","  1.87 %"," 10.52 %","  3.72 %","","","",""," 20.96 %","  5.97 %","  5.77 %","  5.99 %","","  1.45 %","","  1.50 %","","","  5.07 %","","","  1.40 %",""," 11.81 %"," 13.77 %"
"2020-08-13","","  1.32 %","  6.26 %","  4.75 %","","","",""," 16.87 %","  5.55 %","","  5.77 %","","  1.07 %","","  1.76 %","","","  3.87 %","  3.88 %","",""," 29.44 %"," 12.94 %"," 15.48 %"
"2020-08-14"," ##.## %","  1.85 %","  4.41 %","  5.06 %","","","",""," 15.04 %","","  6.93 %","  5.08 %","","  1.40 %","","  1.83 %","","","  3.67 %","  2.55 %","","  2.07 %"," 33.08 %"," 19.58 %","  9.98 %"
"2020-08-15","","  1.62 %","  4.35 %","  4.44 %","","","",""," 14.73 %","","  7.56 %","","","  1.15 %","","  1.61 %","","","  3.26 %","  1.93 %","","  2.72 %"," 45.39 %"," 14.81 %"," 10.04 %"
"2020-08-16","","  1.60 %","  4.16 %","  3.96 %","","",""," 11.99 %","","","  7.98 %","  4.34 %","","","","  1.25 %",""," 36.67 %","  3.45 %","  1.93 %","","  2.00 %"," 48.25 %"," 15.97 %","  4.22 %"
"2020-08-17"," ##.## %","  1.77 %","   .93 %","  3.27 %","","","",""," 10.92 %","","  6.44 %","  4.34 %","","  1.26 %","","  1.26 %","","","  3.25 %","  2.19 %","","  2.63 %",""," 15.05 %","  4.17 %"
"2020-08-18","","  1.93 %","  1.05 %","  1.90 %","","",""," 14.10 %","  1.05 %","  4.01 %","","  2.91 %","","  1.13 %","","  1.10 %"," 30.00 %"," 41.67 %","  4.05 %","  2.80 %","",""," 77.41 %"," 14.48 %","  2.18 %"
"2020-08-19"," ##.## %","  1.57 %","  1.17 %","  1.18 %","","",""," 14.18 %","  1.37 %","  4.94 %","","  2.36 %","  1.01 %","  1.35 %","","  1.33 %","","","  3.62 %","  3.69 %","","  2.54 %"," 73.87 %","  7.40 %","  2.13 %"
"2020-08-20"," 93.96 %","  3.29 %","  2.16 %","  2.92 %","","",""," 12.52 %","  2.01 %","","  5.72 %","  2.53 %","  1.01 %","   .77 %","","  1.39 %"," 33.33 %","","  3.82 %","","","  1.88 %"," 70.45 %","  7.02 %","  2.66 %"
"2020-08-21","","  3.64 %","  2.51 %","  3.06 %","","","","","","","  3.66 %","  3.04 %","","   .98 %","","  1.47 %","","","  3.67 %","  3.43 %","","  1.23 %","","  6.68 %","  3.27 %"
"2020-08-22","","","  2.71 %","  3.03 %","","","","","  1.82 %","  4.94 %","  3.03 %","  3.29 %","","   .97 %","","  1.61 %","","","  8.19 %","  3.43 %","",""," 63.24 %","  7.08 %","  3.24 %"
"2020-08-23","  4.46 %","  3.63 %","  2.45 %","  3.02 %","","","","  7.23 %","  1.82 %","","","  3.54 %","  1.50 %","","","  1.46 %","","","  7.58 %","  3.39 %","",""," 60.56 %","  5.21 %","  4.56 %"
"2020-08-24","","  3.24 %","  2.42 %","  2.97 %","","","","  5.71 %","  1.97 %","","   .00 %","  2.82 %","","   .86 %"," 46.67 %","  1.25 %"," 16.19 %","","  8.70 %","  1.80 %","","  1.82 %","  6.39 %","  5.24 %",""
"2020-08-25","","  3.67 %","  1.16 %","  2.44 %","","","","","  1.29 %","  5.71 %","   .00 %","  2.68 %","","   .85 %"," 96.67 %","  1.49 %"," 18.69 %","","  8.87 %","  1.07 %","","","  6.67 %","  4.06 %","  4.83 %"
"2020-08-26","  4.34 %","  1.90 %","  2.48 %","  3.97 %","","","","  4.41 %","   .47 %","","  2.11 %","  2.39 %","  4.32 %","   .95 %"," ##.## %","  1.84 %","","","  8.14 %","  2.92 %","","  5.77 %","  7.56 %","  3.92 %","  3.60 %"
"2020-08-27","  4.23 %","  1.50 %","  2.22 %","  4.02 %","","","","  4.04 %","   .61 %","","","  2.59 %","",""," ##.## %","  1.81 %"," 20.91 %","","  2.98 %","  3.87 %",""," 11.67 %","  2.46 %","  3.63 %","  3.16 %"
"2020-08-28","  3.91 %","  1.32 %","  2.73 %","  4.53 %","","","","  5.47 %","","  4.46 %","","  4.52 %","","   .52 %"," 69.44 %","  2.27 %",""," 89.67 %","  3.59 %","  4.01 %","","","  2.29 %","  3.80 %","  3.47 %"
"2020-08-29","  2.86 %","  1.37 %","  3.19 %","  4.98 %","","","","","   .91 %","  5.41 %","  3.06 %","  4.57 %","  4.32 %",""," 65.27 %","  2.74 %"," 10.91 %"," 80.58 %","  3.79 %","  5.00 %",""," 13.07 %","","  4.57 %","  2.74 %"
"2020-08-30","  2.36 %","  2.92 %","  3.19 %","  4.19 %","","","","","","","  3.97 %","  5.89 %","  4.64 %","","","  2.69 %"," 11.58 %"," 97.10 %","  4.51 %","  6.06 %",""," 14.06 %","  3.04 %","  4.05 %","  3.75 %"
"2020-08-31","  2.31 %","  3.12 %","  1.88 %","  2.46 %"," 30.00 %","","","","   .91 %","","  4.84 %","  6.34 %","  5.03 %","   .52 %","","  2.46 %"," 12.06 %","","  5.43 %","  4.51 %","","","  2.01 %","  3.87 %","  3.52 %"
"2020-09-01","  3.96 %","  3.35 %","  2.33 %","  2.63 %"," 30.00 %","","","","  1.06 %","","  5.25 %","  6.06 %","","","","  2.81 %","","","  5.56 %","  4.03 %",""," 14.72 %","   .90 %","  3.16 %","  3.49 %"
"2020-09-02","","  3.32 %","","  2.23 %","","",""," 17.93 %","  1.19 %","  4.88 %","  3.96 %","  4.05 %","  4.93 %","   .72 %"," 15.27 %","  2.67 %","","","  6.47 %","  7.81 %",""," 10.44 %","  1.62 %","  2.85 %","  5.54 %"
"2020-09-03","","  4.34 %","  1.92 %","  1.89 %","","",""," 17.50 %","  1.18 %"," 11.54 %","  6.93 %","  3.27 %","  2.73 %","   .41 %","  6.01 %","  2.89 %"," 12.41 %","","  4.97 %"," 10.94 %","","  4.80 %","  1.76 %","  1.58 %","  9.25 %"
"2020-09-04","","  2.46 %","","  1.58 %","","",""," 17.48 %","  1.73 %"," 12.56 %","  8.97 %","  1.17 %","  4.15 %","   .41 %","  5.06 %","  3.46 %"," 11.44 %","","  5.00 %","  9.65 %","","  3.68 %","  2.38 %","  2.30 %"," 11.82 %"
"2020-09-05","  2.56 %","  2.38 %","  1.67 %","  1.44 %","","",""," 18.21 %","  2.12 %"," 16.89 %","  9.25 %","   .49 %","  3.34 %","   .61 %","","  3.86 %"," 12.62 %","","  4.91 %"," 10.04 %","","  2.69 %","  2.37 %","  1.90 %"," 12.63 %"
"2020-09-06","  2.56 %","  1.99 %","  1.67 %","  1.47 %","","",""," 18.14 %","  2.37 %"," 21.27 %","","   .32 %","  2.95 %","","","  3.51 %","  9.73 %","","  4.38 %","  9.96 %","","  1.99 %","  2.37 %","  1.77 %"," 13.85 %"
"2020-09-07"," 12.18 %","  2.21 %","  1.72 %","  2.13 %","",""," 69.52 %","","  3.51 %"," 24.36 %"," 11.80 %","  1.28 %","  3.89 %","   .80 %","  3.24 %","  3.66 %","  7.45 %","","  2.88 %","  5.82 %","","  1.70 %","","  1.60 %"," 12.19 %"
"2020-09-08","","  1.45 %","  1.33 %","  2.97 %","",""," 74.52 %","  5.44 %","  4.43 %"," 17.69 %"," 12.40 %","  1.89 %","  5.57 %","   .89 %","","  4.21 %","  4.59 %","","  2.74 %","  1.37 %","","  2.43 %","  1.78 %","  1.23 %","  8.67 %"
"2020-09-09","","  1.50 %","  1.49 %","  3.26 %",""," 16.67 %"," 36.52 %","  6.27 %","  3.93 %",""," 11.78 %","  1.87 %","  6.06 %","  1.09 %","","  3.85 %","  4.34 %"," 90.43 %","  1.50 %","  1.45 %","","  2.15 %","  2.15 %","   .93 %","  4.97 %"
"2020-09-10"," 11.74 %","  1.23 %","  1.04 %","  3.78 %","",""," 11.68 %","  5.49 %","  3.83 %"," 15.13 %"," 10.71 %","  1.87 %","  8.81 %","  1.08 %","","  3.83 %","  3.16 %","","   .68 %","   .94 %","","  3.14 %","  1.02 %","   .88 %","  3.94 %"
"2020-09-11","","  1.41 %","  1.21 %","  3.86 %","",""," 15.48 %","  4.67 %","  3.65 %",""," 10.26 %","  2.31 %"," 10.79 %","   .98 %","   .74 %","  4.34 %",""," 85.91 %","   .68 %","","","  3.53 %","  1.13 %","   .78 %","  3.24 %"
"2020-09-12","  9.88 %","  1.81 %","","  3.31 %","",""," 20.48 %","  4.40 %","  2.33 %"," 11.63 %","  7.62 %","","  9.86 %","   .77 %","","  4.30 %","","","  1.15 %","   .83 %","","  5.78 %","  1.37 %","","  2.47 %"
"2020-09-13"," 10.13 %","  1.64 %","   .76 %","  2.37 %","","","","  3.76 %","  1.66 %","  8.14 %","  8.83 %","  2.05 %","  8.22 %","   .48 %","  1.46 %","  3.57 %","  2.05 %","","  1.32 %","   .83 %","","  4.78 %","","   .73 %","  1.60 %"
"2020-09-14","","  1.91 %","   .59 %","  2.26 %","","","","  3.04 %","  1.42 %","  3.95 %","  6.26 %","  2.26 %","  7.97 %","","  2.09 %","  3.77 %","  1.00 %"," 18.37 %","  1.58 %","   .92 %","","  5.17 %","  1.37 %","  1.20 %","  1.36 %"
"2020-09-15","  9.88 %","  2.23 %","","  1.85 %","",""," 14.48 %","  3.04 %","  1.18 %","  4.88 %","  4.65 %","  2.12 %","  6.42 %","   .47 %","  2.74 %","  3.91 %","  1.00 %","","  2.19 %","   .82 %","","  4.19 %","  1.09 %","  1.35 %","  1.54 %"
"2020-09-16","  1.55 %","  2.41 %","   .99 %","  1.90 %","",""," 12.48 %","  2.09 %","   .96 %","  4.98 %","  5.20 %","  2.12 %","  6.54 %","   .38 %","","  4.11 %","","","  2.53 %","  1.16 %","","  3.82 %","   .96 %","  1.31 %","  1.86 %"
"2020-09-17","  3.47 %","  1.66 %","  1.07 %","  1.78 %","",""," 14.88 %","  1.26 %","  1.37 %","  4.38 %","  4.87 %","  1.68 %","  7.60 %","   .47 %","","  4.22 %","","","  2.20 %","   .89 %","","  1.76 %","   .95 %","  1.75 %","  2.20 %"
"2020-09-19","","  2.02 %","  1.70 %","  1.80 %","","","  9.08 %","  1.26 %","  1.03 %","  5.30 %","  3.02 %","","  7.24 %","   .65 %","  4.61 %","  4.41 %","","","  1.83 %","  1.32 %","","  1.53 %","   .94 %","  1.91 %","  4.41 %"
"2020-09-20","","  1.40 %","  1.84 %","  1.31 %","","","  4.91 %","  1.47 %","   .93 %","  5.70 %","  2.43 %","  1.22 %","  5.57 %","","  6.33 %","  4.17 %","","","  1.46 %","  1.31 %","","  1.13 %","","  2.21 %","  4.74 %"
"2020-09-21","  3.43 %","  1.62 %","  1.91 %","  1.43 %","","","  8.31 %","  1.93 %","","  6.01 %","  2.27 %","  1.81 %","  4.77 %","   .93 %"," 11.93 %","  4.03 %",""," 17.46 %","  1.50 %","  1.13 %","","  1.68 %","  1.39 %","  1.65 %","  4.99 %"
"2020-09-22","  4.70 %","  1.89 %","  1.25 %","  1.22 %",""," 21.67 %","  9.74 %","  1.89 %","   .82 %","  5.67 %","  1.28 %","  2.42 %","  3.57 %","   .83 %"," 11.75 %","  3.91 %","","","  1.55 %","   .68 %","","  1.81 %","  3.49 %","  1.73 %","  4.44 %"
"2020-09-23","  6.16 %","  2.35 %","  1.25 %","  1.60 %",""," 19.67 %","  5.53 %","  1.64 %","  1.62 %","  6.44 %","  1.89 %","  2.65 %","  2.11 %","  1.55 %"," 14.50 %","  4.33 %","","  1.40 %","  1.29 %","   .77 %","","  2.65 %","  4.07 %","  1.48 %","  4.35 %"
"2020-09-24","","  2.00 %","   .68 %","  1.70 %","","","  4.66 %","  1.64 %","  1.48 %","  7.74 %","  1.11 %","","  2.39 %","  1.53 %"," 12.95 %","  4.50 %","  2.86 %","  1.84 %","  1.37 %","  2.16 %","","  2.60 %","  4.89 %","  1.26 %","  2.20 %"
"2020-09-25","  4.88 %","  2.55 %","   .52 %","  1.95 %","","","  7.83 %","  1.81 %","  1.75 %","  6.62 %","  1.22 %","  2.88 %","  3.67 %","  1.77 %"," 11.55 %","  4.68 %","","  1.36 %","  1.52 %","  2.22 %","","  3.40 %","  5.21 %","  2.06 %","  1.67 %"
"2020-09-26","","  2.38 %","   .45 %","  2.44 %"," 36.67 %",""," 10.98 %","","","  6.03 %","  1.21 %","  2.94 %","  3.83 %","  1.58 %","","  4.44 %","","","  1.77 %","  2.45 %","","  3.17 %","  5.26 %","  2.31 %","  1.49 %"
"2020-09-27","  3.33 %","  1.75 %","","  2.40 %",""," 64.43 %"," 11.29 %","  1.34 %","  1.84 %","  5.95 %","   .96 %","  2.31 %","  3.04 %","  1.66 %","","  3.84 %","","","  1.44 %","  2.51 %"," 60.00 %","","  3.18 %","  2.27 %","  1.64 %"
"2020-09-28","  3.30 %","  1.47 %","   .59 %","  2.30 %","",""," 13.69 %","","  2.93 %","  4.96 %","   .82 %","  3.96 %","  3.25 %","  1.27 %","  5.86 %","  3.76 %","","","  1.37 %","  2.80 %","","","  3.51 %","  2.35 %","  2.31 %"
"2020-09-29","","  1.53 %","","  2.33 %","",""," 15.48 %","  1.10 %","  2.30 %","  1.03 %","  1.05 %","  4.98 %","  2.56 %","  1.58 %","  4.96 %","  3.24 %","","  1.77 %","  1.65 %","  1.70 %","","","  4.07 %","  2.31 %","  2.91 %"
"2020-09-30","  1.78 %","  1.31 %","   .66 %","  2.34 %",""," 66.83 %"," 14.43 %","  2.15 %","  2.01 %","  1.40 %","   .81 %","  5.30 %","  1.39 %","  1.31 %","  2.17 %","  3.14 %","","","  1.70 %","  2.03 %","","  2.76 %","  4.50 %","  1.21 %","  3.32 %"
"2020-10-01","   .57 %","  1.14 %","   .66 %","  1.67 %",""," 67.54 %"," 10.30 %","  2.15 %","  3.24 %","  1.35 %","  1.37 %","  6.08 %","  1.25 %","  1.54 %","  2.13 %","  3.06 %","  3.69 %","  2.60 %","  1.21 %","  2.48 %","","  2.03 %","  4.37 %","   .91 %","  3.93 %"
"2020-10-02","  7.42 %","  1.16 %","   .72 %","  1.53 %","","","  9.90 %","  1.67 %","  3.23 %","  1.22 %","  2.13 %","  5.38 %","  1.44 %","  1.37 %","  1.81 %","  3.13 %","  3.69 %","","  1.48 %","  2.60 %","","  2.44 %","  4.18 %","  1.11 %","  4.01 %"
"2020-10-03","  7.18 %","  1.35 %","   .72 %","  1.43 %"," 71.67 %","","  7.75 %","  2.45 %","  2.74 %","  1.80 %","  1.98 %","  3.29 %","  2.02 %","  1.66 %","  2.33 %","  2.42 %","  4.49 %","","  1.61 %","  3.14 %","","  1.64 %","  3.23 %","   .96 %","  3.47 %"
"2020-10-04","","  1.40 %","  1.07 %","  1.08 %","","","  4.98 %","  3.37 %","  2.72 %","  1.79 %","  1.85 %","  2.28 %","  2.26 %","  1.17 %","  2.03 %","  2.12 %","","  2.15 %","  1.72 %","  2.66 %","","  2.05 %","  1.61 %","  1.20 %","  3.03 %"
"2020-10-05","  7.54 %","  1.49 %","  1.13 %","  1.14 %",""," 63.23 %","  2.80 %","  2.49 %","  4.88 %","  1.99 %","  1.95 %","  2.39 %","  2.62 %","  1.01 %","  1.97 %","  1.80 %","","  2.90 %","  1.95 %","  2.65 %","","  1.74 %","   .99 %","   .80 %","  3.87 %"
"2020-10-06","  7.67 %","  1.95 %","   .92 %","  1.54 %","","","","  3.91 %","  3.31 %","  1.49 %","  1.89 %","  1.38 %","  3.02 %","   .99 %","","  1.76 %","","","  1.60 %","  2.93 %","","  2.13 %","   .76 %","   .83 %","  3.68 %"
"2020-10-07","  7.67 %","  2.12 %","   .77 %","  2.16 %"," 61.67 %","","  2.87 %","  3.84 %","  3.30 %","  1.37 %","  1.83 %","  1.46 %","  2.89 %","  1.36 %","","  1.95 %","","  3.28 %","  1.25 %","  3.46 %"," 95.00 %","  1.92 %","  1.02 %","   .68 %","  3.66 %"
"2020-10-08","","  1.90 %","   .77 %","  2.22 %",""," 55.23 %","  1.54 %","  5.01 %","  3.20 %","  1.12 %","  1.61 %","  1.37 %","  2.44 %","   .74 %","  2.74 %","  1.95 %","","","  1.11 %","  3.70 %"," 98.64 %","  2.44 %","  1.48 %","   .68 %","  3.94 %"
"2020-10-09","","  2.45 %","   .28 %","  2.34 %","","  4.47 %","  1.76 %","","  4.28 %","  1.33 %","  1.88 %","  1.20 %","  2.12 %","   .96 %","  4.24 %","  2.15 %","","  3.52 %","  1.03 %","  4.34 %"," 43.25 %","  2.23 %","  2.32 %","   .54 %","  4.57 %"
"2020-10-10","","  2.73 %","   .20 %","  2.55 %","","","","  5.06 %","  2.46 %","   .97 %","  2.25 %","   .70 %","  2.15 %","  1.10 %","  3.09 %","  2.19 %","","  2.69 %","   .51 %","  4.53 %","","  2.60 %","  2.22 %","   .57 %","  4.06 %"
"2020-10-11","","  2.18 %","   .27 %","  2.18 %","","","  3.65 %","  6.28 %","","  1.07 %","  1.91 %","   .46 %","  1.91 %","  1.51 %","  3.09 %","  2.08 %","  4.49 %","","   .44 %","  3.86 %","","  2.28 %","","   .66 %","  3.56 %"
"2020-10-12","   .95 %","  2.18 %","   .54 %","  1.86 %"," 65.67 %","  2.07 %","  3.09 %","  4.87 %","  2.80 %","  1.49 %","  2.12 %","   .46 %","  2.13 %","  1.27 %","  2.79 %","  1.81 %","","  3.39 %","   .44 %","  3.58 %","","  2.46 %","  2.74 %","   .76 %","  3.51 %"
"2020-10-13","  1.21 %","  2.36 %","   .47 %","  2.06 %"," 65.67 %","","  2.02 %","  4.54 %","  3.38 %","  1.36 %","  2.89 %","   .38 %","  1.94 %","  1.34 %","  1.73 %","  1.75 %","","","   .50 %","  2.75 %","","  2.17 %","  2.76 %","   .59 %","  3.36 %"
"2020-10-14","   .92 %","  1.69 %","   .47 %","  2.20 %"," 60.11 %","","  2.44 %","  3.63 %","  3.28 %","  1.24 %","  4.49 %","   .31 %","  2.06 %","  1.46 %","  1.15 %","  1.56 %","","  3.89 %","   .19 %","  2.37 %","","  2.12 %","","   .94 %","  2.83 %"
"2020-10-17","  1.17 %","  1.06 %","","  2.26 %","  6.16 %","  2.00 %","  2.18 %","  2.69 %","  2.38 %","  1.23 %","  4.32 %","   .23 %","  2.24 %","  1.98 %","","  1.49 %","","  4.13 %","","  1.85 %"," 47.00 %","  2.19 %","  2.52 %","   .91 %","  2.13 %"
"2020-10-18","","  1.02 %","   .40 %","  2.08 %","","","  1.27 %","  1.42 %","  2.01 %","  1.12 %","  4.20 %","   .38 %","  1.68 %","  1.34 %","  1.15 %","  1.28 %","  2.40 %","  3.32 %","   .31 %","  1.65 %"," 47.00 %","  2.48 %","","   .77 %","  2.04 %"
"2020-10-19","","  1.06 %","   .34 %","  2.46 %","  6.16 %","","  1.26 %","  1.66 %","  3.64 %","   .90 %","  3.59 %","   .23 %","  1.64 %","  1.52 %","  1.81 %","  1.09 %","","  8.40 %","   .49 %","  1.65 %"," 12.00 %","  2.50 %","  2.30 %","   .89 %","  2.12 %"
"2020-10-20","","   .72 %","   .13 %","  2.21 %","","","  1.03 %","  1.66 %","  3.10 %","   .79 %","  4.18 %","","  1.77 %","  1.96 %","  2.22 %","   .92 %","  1.57 %","  8.17 %","   .97 %","  1.41 %","","  2.98 %","  2.55 %","   .95 %","  1.70 %"
"2020-10-21","","   .62 %","   .20 %","  2.40 %","","","","   .74 %","  3.66 %","   .59 %","  2.53 %","   .30 %","  1.53 %","  1.68 %","","   .82 %","","  7.41 %","   .91 %","  1.25 %","  9.42 %","  3.12 %","  1.76 %","   .59 %","  1.44 %"
"2020-10-22","  1.29 %","   .58 %","   .20 %","  2.39 %","  2.16 %","","   .61 %","","  5.32 %","   .78 %","  2.36 %","   .37 %","   .85 %","  1.74 %","  3.04 %","   .65 %","","  7.23 %","   .97 %","  1.24 %","  4.80 %","  3.24 %","  1.52 %","   .78 %","  1.42 %"
"2020-10-23","  1.16 %","   .57 %","","  2.41 %","","","","   .61 %","  5.72 %","   .77 %","  2.21 %","","   .85 %","  1.74 %","","   .63 %","  2.31 %","  7.58 %","   .90 %","  1.27 %","","  3.42 %","  1.23 %","  1.02 %","  1.33 %"
"2020-10-24","","   .45 %","   .13 %","  1.61 %","","","   .41 %","   .48 %","  3.74 %","   .58 %","  2.05 %","","   .63 %","","  2.12 %","   .57 %","  1.51 %","  2.71 %","   .84 %","   .75 %","","  3.75 %","   .82 %","   .76 %","   .69 %"
"2020-10-25","","   .49 %","","  1.30 %","","","","   .24 %","","   .58 %","   .67 %","   .30 %","   .35 %","  1.42 %","","   .47 %","","","   .47 %","   .67 %","","  3.30 %","","   .79 %","   .53 %"
"2020-10-26","   .77 %","   .39 %","","   .95 %","  2.16 %","  1.94 %","   .41 %","   .95 %","  4.01 %","   .76 %","   .79 %","   .22 %","   .21 %","  1.33 %","  2.12 %","   .54 %","","  2.45 %","   .52 %","   .49 %","  1.05 %","  3.38 %","   .64 %","   .81 %","   .72 %"
"2020-10-27","   .51 %","   .37 %","   .13 %","   .69 %","  1.05 %","  1.94 %","","","  3.02 %","   .75 %","   .85 %","","   .55 %","  1.55 %","  1.66 %","   .49 %","","","   .52 %","   .41 %","  3.05 %","  2.97 %","   .80 %","   .60 %","   .76 %"
"2020-10-28","","   .43 %","","   .78 %","   .00 %","  1.88 %","","  1.41 %","  1.27 %","   .93 %","  1.29 %","","  1.36 %","   .81 %","  1.22 %","   .52 %","","  3.16 %","   .80 %","   .32 %","","  2.38 %","   .95 %","   .33 %","   .84 %"
"2020-10-29","","   .31 %","   .07 %","   .99 %","","  2.46 %","","  1.29 %","   .97 %","  1.02 %","  1.41 %","","  1.35 %","   .81 %","   .78 %","   .55 %","","","   .86 %","   .45 %","","  1.55 %","  1.15 %","   .30 %","   .99 %"
"2020-10-30","   .87 %","   .28 %","","  1.01 %","  1.00 %","","","","  1.00 %","  1.01 %","  1.34 %","   .22 %","  1.41 %","  1.09 %","   .78 %","   .63 %","","  3.48 %","   .74 %","   .57 %","  3.05 %","  1.69 %","  1.19 %","   .24 %","  1.05 %"
"2020-10-31","   .75 %","   .26 %","   .07 %","   .97 %","  1.95 %","","","  1.85 %","   .98 %","   .92 %","  1.13 %","   .15 %","  1.86 %","   .79 %","   .97 %","   .52 %","  1.51 %","","  1.23 %","   .56 %","","  1.41 %","   .92 %","   .23 %","   .80 %"
"2020-11-01","","   .18 %","   .07 %","   .69 %","","","","  1.96 %","","   .54 %","   .94 %","","","   .56 %","   .77 %","   .50 %","   .74 %","  3.01 %","  1.12 %","   .44 %","","  1.32 %","   .81 %","   .35 %","   .58 %"
"2020-11-02","   .87 %","   .20 %","","   .91 %","","","  1.20 %","  1.67 %","   .94 %","","  1.04 %","","  2.26 %","   .61 %","  1.52 %","   .52 %","","","  1.10 %","   .48 %","","  1.38 %","   .71 %","   .44 %","   .48 %"
"2020-11-03","","   .16 %","","   .74 %","  2.86 %","","  1.19 %","  1.10 %","   .93 %","   .45 %","  1.02 %","   .15 %","  1.58 %","   .67 %","  1.31 %","   .46 %","  5.03 %","","  1.30 %","   .55 %","","  1.22 %","","   .92 %","   .37 %"
"2020-11-04","  1.10 %","   .15 %","","   .78 %","","","","  1.21 %","   .81 %","   .62 %","  1.31 %","   .15 %","  1.69 %","   .44 %","","   .41 %","  5.46 %","  3.35 %","  1.25 %","   .63 %","","  1.34 %","   .90 %","  1.01 %","   .33 %"
"2020-11-05","","   .24 %","","   .69 %","","  2.39 %","  1.38 %","   .86 %","   .65 %","   .53 %","  1.87 %","","  1.86 %","   .49 %","","   .39 %"," 14.91 %","","","   .51 %","","  1.17 %","   .64 %","   .97 %","   .23 %"
"2020-11-06","  1.46 %","   .36 %","","   .78 %","","","","  1.69 %","   .34 %","   .53 %","  1.93 %","   .15 %","  1.35 %","   .65 %","  1.67 %","   .38 %"," 20.94 %","  3.14 %","","   .66 %","  2.00 %","  1.10 %","   .64 %","   .99 %","   .29 %"
"2020-11-07","   .83 %","   .29 %","","   .59 %","","","","  1.45 %","   .30 %","   .62 %","  2.10 %","","   .60 %","   .54 %","  1.48 %","   .32 %"," 24.42 %","","   .69 %","   .66 %","","  1.08 %","","   .91 %","   .31 %"
"2020-11-08","  1.06 %","   .29 %","","   .50 %","","","","  1.55 %","   .08 %","   .44 %","  1.86 %","","   .53 %","   .49 %","  1.48 %","   .31 %"," 21.62 %","","   .75 %","   .50 %","","  1.78 %","","   .53 %","   .24 %"
"2020-11-09","  1.16 %","   .34 %","   .13 %","","","  1.77 %","  1.38 %","  1.94 %","   .15 %","   .26 %","  1.73 %","   .29 %","   .30 %","   .49 %","","   .28 %"," 20.90 %","","   .42 %","   .46 %","","  1.33 %","   .59 %","   .52 %","   .20 %"
"2020-11-10","  1.15 %","   .40 %","","   .88 %","  2.86 %","","","  1.82 %","   .19 %","   .26 %","  1.19 %","","   .18 %","   .59 %","   .89 %","   .29 %"," 11.68 %","","   .10 %","   .46 %","","  1.12 %","   .64 %","   .63 %","   .26 %"
"2020-11-11","   .91 %","   .36 %","","   .94 %","  2.86 %","","","  1.93 %","","   .26 %","  1.45 %","","","   .69 %","   .88 %","   .29 %","  6.31 %","  1.67 %","   .16 %","   .53 %","","","   .24 %","   .73 %","   .24 %"
"2020-11-12","","   .39 %","   .13 %","   .92 %","  1.86 %","","","  1.82 %","   .26 %","   .26 %","   .84 %","   .29 %","   .18 %","","   .52 %","   .28 %","","","","   .45 %","","  1.32 %","   .38 %","   .89 %","   .24 %"
"2020-11-13","  1.01 %","","","   .93 %","  1.78 %","","","  2.26 %","","   .26 %","   .94 %","","   .18 %","   .74 %","   .52 %","   .28 %","  2.83 %","   .91 %","   .31 %","   .49 %","","  1.10 %","   .34 %","  1.07 %","   .22 %"
"2020-11-14","","   .41 %","","  1.03 %","","","  1.38 %","  2.04 %","   .26 %","   .17 %","   .78 %","","   .17 %","   .68 %","","   .28 %","","   .72 %","","   .34 %","","   .33 %","   .34 %","  1.19 %","   .22 %"
"2020-11-15","","   .36 %","","   .54 %","","","","","","   .26 %","   .72 %","   .22 %","   .17 %","","","   .20 %","  1.35 %","","   .41 %","","","   .60 %","","  1.05 %","   .14 %"
"2020-11-16","  1.00 %","   .34 %","","   .51 %","","  1.77 %","   .57 %","  2.03 %","   .30 %","   .17 %","   .46 %","","","   .68 %","   .52 %","   .21 %","","","","   .30 %","","  1.18 %","   .24 %","   .94 %","   .10 %"
"2020-11-17","","","","   .55 %","","","","   .98 %","","","   .65 %","","","","   .34 %","   .21 %","  1.11 %","","   .51 %","   .07 %","","  1.11 %","","   .85 %","   .08 %"
"2020-11-18","   .78 %","   .30 %","","   .49 %","","","   .38 %","  1.32 %","   .22 %","","   .65 %","","   .06 %","","   .34 %","   .17 %","  1.09 %","   .18 %","   .51 %","   .07 %","","  1.10 %","","   .86 %",""
"2020-11-19","   .55 %","   .23 %","","   .44 %","","","","  1.03 %","   .22 %","   .09 %","   .80 %","","   .12 %","","","   .15 %","   .43 %","   .53 %","   .51 %","   .04 %","","  1.35 %","   .24 %","   .73 %","   .10 %"
"2020-11-20","   .44 %","   .26 %","   .13 %","   .48 %","","","","","","","   .64 %","","   .17 %","","   .51 %","   .14 %","   .43 %","","   .46 %","   .04 %","","  1.09 %","   .14 %","   .80 %","   .16 %"
"2020-11-21","   .33 %","   .31 %","","   .54 %","","  1.16 %","   .19 %","  1.02 %","   .15 %","","   .64 %","   .29 %","","","   .51 %","   .12 %","   .43 %","   .87 %","   .35 %","   .04 %","","   .50 %","   .14 %","   .72 %","   .18 %"
"2020-11-22","","   .33 %","","","","","","  1.10 %","","   .17 %","   .39 %","   .29 %","","","","   .10 %","   .42 %","","","   .11 %","","","   .14 %","   .62 %","   .16 %"
"2020-11-23","   .11 %","   .31 %","","   .42 %","   .87 %","","","  1.26 %","","","   .39 %","","","   .72 %","","   .10 %","   .42 %","","   .25 %","   .15 %","","   .37 %","","   .52 %","   .16 %"
"2020-11-24","   .22 %","   .33 %","","   .50 %","","","","   .99 %","","   .34 %","   .29 %","   .22 %","   .12 %","   .51 %","   .68 %","   .11 %","   .42 %","","   .30 %","   .18 %","","   .68 %","","   .68 %","   .16 %"
"2020-11-25","   .22 %","   .28 %","","","","","","  1.22 %","   .15 %","   .25 %","   .39 %","","   .17 %","   .56 %","","   .13 %","   .42 %","  1.20 %","   .35 %","","","   .43 %","   .09 %","   .58 %",""
"2020-11-26","   .43 %","","   .13 %","   .49 %","","","   .56 %","  1.21 %","   .11 %","","   .34 %","   .29 %","","   .61 %","","   .13 %","","","","   .22 %","","   .37 %","   .09 %","   .63 %","   .14 %"
"2020-11-27","   .43 %","   .33 %","","","","","","  1.12 %","","","   .29 %","","","   .56 %","   .50 %","   .14 %","","","   .40 %","   .26 %","","   .37 %","   .05 %","   .72 %","   .12 %"
"2020-11-28","","   .22 %","","   .51 %","","  1.13 %","","  1.19 %","   .07 %","","   .29 %","   .43 %","   .23 %","   .30 %","   .33 %","   .14 %","   .42 %","","   .40 %","   .26 %","","   .43 %","","   .60 %","   .10 %"
"2020-11-29","","   .19 %","","","","","","  1.03 %","   .04 %","","   .24 %","","   .17 %","   .30 %","","   .12 %","","  1.20 %","   .40 %","","","   .06 %","   .05 %","   .40 %",""
"2020-11-30","","   .15 %","","   .33 %","","","   .56 %","   .70 %","   .00 %","","   .14 %","   .36 %","   .11 %","","","   .11 %","","","   .40 %","   .26 %","","   .06 %","","   .38 %","   .08 %"
"2020-12-01","   .43 %","   .15 %","","   .33 %","","","","   .61 %","","","   .14 %","","","","","   .10 %","","","   .34 %","   .18 %","","","","   .40 %",""
"2020-12-26","","   .07 %","","   .21 %","","","","   .54 %","","   .25 %","   .14 %","","","","","   .07 %","   .21 %","","   .29 %","","","","","   .35 %",""
"2020-12-27","","   .02 %","","   .14 %","","","","","","","","","","","","   .05 %","","  1.20 %","   .24 %","","","","","   .28 %",""
"2020-12-28","","","","   .08 %","","","","","   .00 %","","   .14 %","","","   .20 %","","   .05 %","","","   .34 %","   .15 %","","","   .05 %","","   .06 %"
"2020-12-29","","","","   .10 %","","","","   .30 %","   .04 %","","   .14 %","","","","","   .03 %","","","   .58 %","","","","","   .26 %","   .00 %"
"2020-12-30","","   .02 %","","   .12 %","","","","","","","","","","","","   .02 %","","","   .58 %","   .11 %","","","","",""
"2020-12-31","","","","   .06 %","","","","","   .11 %","","","","","   .20 %","","   .02 %","","","   .62 %","","","   .06 %","","   .26 %",""
"2021-01-01","","","","","","","","","","","","   .29 %","","","","   .02 %","","","","","","","","",""
"2021-01-02","","","","   .08 %","","","","   .45 %","","   .34 %","   .09 %","","","","","   .02 %","","","   .62 %","","","","","   .16 %",""
"2021-01-03","","","","   .08 %","","","","   .38 %","","","","","","   .20 %","","","","","   .71 %","","","","","   .12 %",""
"2021-01-04","","   .02 %","","   .13 %","","","","   .30 %","","","","","","   .15 %","","   .02 %","","   .85 %","   .42 %","","","","","   .09 %","   .00 %"
"2021-01-05","","","","   .13 %","","","","","   .15 %","","","","","","   .33 %","   .02 %","","","   .38 %","","","","","",""
"2021-01-06","","   .03 %","","   .17 %","","","","   .37 %","","","","","","","","   .03 %","","","   .28 %","","","","","",""
"2021-01-07","","","","   .19 %","","","","","","","","","","","","   .03 %","","","","   .07 %","","","","   .07 %","   .00 %"
"2021-01-08","","","","   .21 %","","","","   .52 %","   .15 %","","   .09 %","","","","   .66 %","   .03 %","","","   .28 %","","","","","",""
"2021-01-09","","","","   .13 %","","","","   .37 %","   .15 %","   .25 %","","","","","","   .02 %","","","   .14 %","","","","","",""
"2021-01-10","","","","   .11 %","","","","   .37 %","","","","   .29 %","","","","   .03 %","","","","","","","","",""
"2021-01-11","","   .07 %","","   .08 %","","","","   .29 %","   .15 %","","","","","","","   .02 %","","","   .09 %","","","","","   .07 %",""
"2021-01-12","","   .08 %","","   .04 %","","","","   .22 %","","","","","","   .05 %","","   .02 %","","","   .19 %","","","","","   .07 %",""
"2021-01-13","","","","","","","","","","","","","","","","   .02 %","","","   .14 %","","","","","",""
"2021-01-14","","","","   .02 %","  1.70 %","","","","","","","","","","","   .02 %","","","","","","","","   .37 %",""
"2021-01-15","","   .10 %","","   .04 %","","","","   .07 %","","","","","","","   .49 %","   .01 %","","","   .14 %","","","","","",""
"2021-01-16","","","","   .04 %","","","","","","","","","","","","   .01 %","","","","   .04 %","","","","   .50 %",""
"2021-01-17","","","","   .02 %","","","","","   .07 %","","","","","","","   .01 %","","","   .18 %","","","","","   .50 %",""
"2021-01-18","","","","   .04 %","","","","","","","","   .21 %","","","","","","","","","","","","",""
"2021-01-19","","   .14 %","","","","","","","","","","","","","   .49 %","   .01 %","","","   .18 %","","","","","   .50 %",""
"2021-01-20","","   .12 %","","","","","","","","","","","","","","   .01 %","","","","   .04 %","","","","",""
"2021-01-21","","   .07 %","","   .06 %","","","","   .07 %","","","","","","","","   .00 %","","","   .09 %","","","","","   .46 %",""
"2021-01-22","","","","","","","","   .07 %","","","","","","","","   .00 %","","","   .09 %","","","","","",""
"2021-01-23","","","","","","","","","   .04 %","","","","","","","","","","","","","   .12 %","","",""
"2021-01-24","","","","","  1.70 %","","","","","","","","","","","","","","","","","","","   .18 %",""
"2021-01-25","","   .05 %","","   .04 %","","","","","","","","","","","","   .00 %","","","","","","","","   .07 %",""
"2021-01-26","","","","","","","","","","","","","","","","   .00 %","","","","","","","","",""
"2021-01-27","","","","","","","","","","","","","","","","   .01 %","","","   .14 %","","","","","",""
"2021-01-28","","   .05 %","","   .04 %","","","","","","","","","","","","   .01 %","","","","","","","","   .07 %",""
"2021-01-29","","","","","","","","","","","","","","","","   .01 %","","","","","","","","   .07 %",""
"2021-01-30","","","","   .06 %","","","","","","","","","","","","","","","","","","","","",""
"2021-01-31","","","","   .04 %","","","","","","","","","","","","","","","","","","","","",""
"2021-02-01","","","","","","","","   .07 %","","","","","","","","   .01 %","","","","","","","","   .07 %",""
"2021-02-02","","","","","","","","","","","   .14 %","","","","","","","","","","","","","",""
"2021-02-03","","","","","","","","","","","","","","","","","","","","","","","","   .04 %",""
"2021-02-04","","","","","","","","","","","","","","","","","","","","","","   .06 %","","",""
"2021-02-06","","","","","","","","","   .07 %","","","","","","","   .01 %","","","   .05 %","","","","","",""
"2021-02-08","","   .02 %","","","","","","","","","","","","","","   .00 %","","","","","","","","","   .02 %"
"2021-02-09","","","","   .02 %","","","","","","","","","","","","","","","","","","","","",""
"2021-02-11","","","","","","","","","","","","","","   .10 %","","","","","","","","","","",""
"2021-02-13","","","","","","","","","","","   .05 %","","","","","","","","","","","","","",""
"2021-02-14","","","","","","","","","","","","","","","","","","","","","","","","   .02 %",""
"2021-02-15","","","","","","","","","   .07 %","","","","","","","","","","","","","","","   .02 %",""
"2021-02-18","","","","","","","","","","","","","","   .20 %","","","","","","","","","","   .02 %",""
"2021-02-23","","","","","","","","","","","","","","   .20 %","","","","","","","","","","",""
"2021-02-25","","","","","","","","","","","","","","","","","","","","","","","","","   .02 %"
"2021-02-27","","","","","","","","","","","","","","   .20 %","","","","","","","","","","",""
"2021-03-01","","","","","","","","","","","","","","","","","","","","   .07 %","","","","",""
"2021-03-02","","","","","","","","","","","","","","","","","","","","   .11 %","","","","",""
"2021-03-05","","","","","","","","","","","","","","","","   .00 %","","","","","","","","",""
"2021-03-10","","   .03 %","","","","","","","","","","","","","","","","","","","","","","",""
"2021-03-13","","","","","","","","","","","","","","","","   .00 %","","","","","","","","",""
"2021-03-15","","","","","","","","","","","","","","","","","","","","   .07 %","","","","",""
"2021-03-16","","","","","","","","","","","","","","","","   .01 %","","","","","","","","",""
"2021-03-18","","","","","","","","","","","","","","","","","","","","","","","","   .04 %",""
"2021-03-22","","   .03 %","","","","","","","","","","","","","","","","","","","","","","",""
"2021-03-24","","","","","","","","","","","","","","","","   .01 %","","","","","","","","",""
"2021-03-26","","","","","","","","","","","   .09 %","","","","","","","","","","","","","",""
"2021-03-27","","","","","","","","","","","   .19 %","","","","","","","","","","","","","",""
"2021-04-02","","","","","","","","","","","","","","","","   .01 %","","","","","","","","",""
"2021-04-03","","","","","","","","","","","","","","","","","","","","   .14 %","","","   .05 %","",""
"2021-04-05","","   .05 %","","","","","","","","","   .23 %","","","","","","","","","","","","","",""
"2021-04-06","","","","","","","","","","","   .19 %","","","","","   .01 %","","","","","","","   .09 %","",""
"2021-04-07","","","","","","","","","   .07 %","","   .28 %","","","   .29 %","","   .02 %","","","","","","","","   .07 %",""
"2021-04-08","","","","","","","","   .29 %","","","   .56 %","","","   .29 %","","   .02 %","","","","","","","","",""
"2021-04-09","","","","","","","","","","","   .55 %","","","","","   .02 %","","","","","","","","",""
"2021-04-10","","   .05 %","","","","","","","","","   .55 %","","","","","   .02 %","","","","","","","","   .07 %",""
"2021-04-11","","","","","","","","","","","","","","","","   .02 %","","","","","","","","   .07 %",""
"2021-04-12","","","","","","","","","","","   .73 %","","","","","   .02 %","","","","","","","   .09 %","",""
"2021-04-13","","","","   .04 %","","","","","   .11 %","","   .87 %","","","   .20 %","","   .04 %","","","","","","","","",""
"2021-04-14","","","","   .08 %","","","","","","","   .63 %","","","","","   .06 %","","","","","","","","",""
"2021-04-15","","   .05 %","","","","","","   .29 %","","","   .67 %","","","","","   .06 %","","","   .09 %","   .14 %","","","","   .09 %",""
"2021-04-16","","","   .26 %","   .08 %","","","","   .36 %","","","   .93 %","","","   .29 %","","   .08 %","","","","","","","","   .18 %",""
"2021-04-17","","","","   .09 %","","","","","   .15 %","","   .84 %","","   .17 %","   .39 %","","   .11 %","","","","","","   .12 %","   .09 %","   .20 %",""
"2021-04-18","","   .05 %","","   .19 %","","","","","","","  1.00 %","","","","","   .10 %","","","","","","","","   .20 %",""
"2021-04-19","","   .07 %","","   .24 %","","","","   .58 %","   .15 %","","  1.12 %","","   .34 %","   .34 %","","   .20 %","","","   .18 %","","","","","   .33 %",""
"2021-04-20","","","","   .26 %","","","","","   .18 %","","  1.37 %","","   .34 %","","","   .26 %","","","   .36 %","   .32 %","","","","   .57 %","   .04 %"
"2021-04-21","","   .08 %","","   .30 %","","","","","   .22 %","","  1.72 %","","","   .34 %","   .65 %","   .33 %","","","   .32 %","","","","","   .76 %",""
"2021-04-22","","   .17 %","","   .50 %","","","","","   .32 %","","  2.82 %","   .14 %","   .73 %","   .67 %","","   .54 %","","","   .41 %","","","","   .14 %","  1.42 %","   .06 %"
"2021-04-23","","   .23 %","","   .52 %","","","","   .65 %","   .39 %","","  3.86 %","","   .90 %","   .67 %","","   .67 %","","","   .59 %","   .36 %","","","","  1.79 %","   .14 %"
"2021-04-24","   .64 %","   .28 %","   .26 %","   .63 %","","","","","   .47 %","","  4.34 %","","  1.12 %","   .76 %","   .97 %","   .70 %","","","   .63 %","   .39 %","","","   .19 %","  1.86 %","   .14 %"
"2021-04-25","","   .35 %","","","","","","","   .43 %","","  4.64 %","   .21 %","","   .80 %","   .80 %","   .66 %","","","   .75 %","","","","   .19 %","  1.83 %",""
"2021-04-26","","   .37 %","","   .74 %","","  1.10 %","","   .50 %","   .53 %","   .17 %","  5.49 %","   .35 %","  1.27 %","   .85 %","  2.50 %","   .72 %","","","   .97 %","   .57 %","","   .18 %","   .37 %","  1.69 %",""
"2021-04-27","   .74 %","   .31 %","   .26 %","   .84 %","","","","   .57 %","   .46 %","","  4.97 %","   .49 %","  2.00 %","   .56 %","  2.65 %","   .61 %","","","  1.22 %","   .64 %","","","","  1.11 %","   .21 %"
"2021-04-28","   .83 %","   .36 %","   .32 %","   .67 %","","  1.62 %","","   .50 %","   .67 %","   .58 %","  4.81 %","   .56 %","  1.86 %","   .60 %","  2.63 %","   .63 %","","","  1.25 %","   .53 %","","   .24 %","   .42 %","   .99 %","   .25 %"
"2021-04-29","   .83 %","   .38 %","","   .65 %","","","   .55 %","","   .77 %","  1.23 %","  5.61 %","   .56 %","  1.90 %","   .59 %","  2.43 %","   .74 %","","","  1.29 %","   .49 %","  2.91 %","","   .37 %","   .94 %","   .27 %"
"2021-04-30","  1.34 %","   .52 %","","   .52 %","","","","   .28 %","   .94 %","  1.31 %","  5.65 %","","  2.27 %","   .55 %","","   .88 %","","","  1.27 %","   .56 %","  3.78 %","   .42 %","   .51 %","   .89 %","   .23 %"
"2021-05-01","  1.71 %","   .71 %","","   .60 %","","","","  1.05 %","   .83 %","  1.38 %","  4.60 %","   .76 %","  2.28 %","   .63 %","","  1.02 %","   .21 %","","  1.21 %","   .48 %","","","","   .88 %","   .29 %"
"2021-05-02","","   .78 %","","   .46 %","","","","","   .92 %","","  4.10 %","   .69 %","  1.96 %","   .63 %","","  1.05 %","","","   .91 %","   .52 %","","   .48 %","","   .92 %",""
"2021-05-03","  2.18 %","   .77 %","   .45 %","   .70 %","","","","  1.24 %","   .91 %","  1.38 %","  3.36 %","","  2.31 %","   .71 %","","  1.16 %","","","   .78 %","   .62 %","  1.78 %","   .59 %","   .46 %","  1.03 %","   .25 %"
"2021-05-04","  4.00 %","   .83 %","   .32 %","   .85 %","  2.50 %","","   .55 %","  1.24 %","   .93 %","","  2.48 %","   .55 %","  2.96 %","  1.06 %","  2.41 %","  1.14 %","","   .67 %","   .85 %","   .75 %","  5.11 %","   .94 %","   .37 %","  1.03 %","   .23 %"
"2021-05-05","  5.15 %","   .77 %","   .38 %","   .92 %","  2.40 %","  2.14 %","","  1.37 %","   .96 %","  1.04 %","  2.37 %","  1.09 %","  3.17 %","  1.35 %","   .84 %","  1.16 %","","","   .80 %","   .81 %","  8.68 %","","   .45 %","  1.11 %","   .29 %"
"2021-05-06","  5.35 %","   .67 %","   .45 %","   .84 %","  3.14 %","  2.64 %","","  1.43 %","  1.15 %","   .39 %","  2.50 %","  1.74 %","  3.32 %","  1.97 %","","  1.05 %","   .41 %","","   .99 %","   .74 %","  9.59 %","","   .72 %","  1.15 %","   .33 %"
"2021-05-07","","   .73 %","   .38 %","   .89 %","","","","   .66 %","  1.14 %","   .23 %","  2.89 %","  1.65 %","  3.49 %","  2.44 %","","  1.02 %","","","  1.18 %","   .74 %"," 10.39 %","  1.05 %","  1.20 %","  1.18 %","   .29 %"
"2021-05-08","  4.74 %","   .91 %","   .63 %","   .79 %","","","","   .46 %","  1.47 %","   .16 %","  2.78 %","  2.39 %","  3.28 %","  2.58 %","","   .96 %","   .61 %","","  2.31 %","   .56 %"," 10.90 %","  1.04 %","  1.37 %","   .88 %","   .27 %"
"2021-05-09","  4.32 %","   .96 %","","   .55 %","","","","","  1.39 %","","  2.33 %","  2.33 %","  2.54 %","  2.17 %","   .70 %","   .93 %","","","  2.32 %","","  8.07 %","   .98 %","  1.28 %","   .73 %","   .23 %"
"2021-05-10","  3.47 %","  1.00 %","","   .68 %","  3.74 %","  2.57 %","   .73 %","   .71 %","  1.44 %","   .08 %","  1.98 %","  2.08 %","  2.44 %","  2.40 %","   .56 %","   .91 %","   .61 %","   .49 %","  2.15 %","   .43 %","  5.96 %","   .92 %","  1.40 %","   .55 %","   .17 %"
"2021-05-11","  2.36 %","  1.11 %","   .94 %","   .71 %","","  3.93 %","","  1.15 %","  1.63 %","   .00 %","  1.72 %","  1.48 %","  2.67 %","  2.24 %","   .28 %","   .82 %","","   .65 %","  2.26 %","   .43 %","  5.05 %","   .62 %","  1.46 %","   .49 %","   .13 %"
"2021-05-12","  1.79 %","  1.14 %","   .87 %","   .95 %","","  3.84 %","  1.08 %","","  2.44 %","","  1.48 %","  1.47 %","  3.26 %","  2.54 %","   .27 %","   .94 %","","","  2.34 %","   .39 %","  4.25 %","   .50 %","   .80 %","   .59 %","   .13 %"
"2021-05-13","  2.06 %","  1.40 %","   .99 %","   .85 %","  4.41 %","  3.75 %","","  1.15 %","  2.56 %","   .15 %","  1.36 %","","  3.50 %","  2.57 %","   .14 %","   .90 %","","   .65 %","  1.87 %","   .29 %","  7.08 %","","   .87 %","   .67 %","   .30 %"
"2021-05-14","  1.98 %","  1.72 %","  1.35 %","   .85 %","","  4.09 %","  1.08 %","  1.14 %","  2.84 %","   .15 %","  1.69 %","  1.00 %","  3.87 %","  3.09 %","   .27 %","   .91 %","   .81 %","","  1.84 %","   .42 %"," 14.79 %","   .39 %","  1.00 %","   .76 %","   .32 %"
"2021-05-15","   .90 %","  1.78 %","  1.03 %","   .77 %","  4.25 %","  4.00 %","","  1.08 %","  3.20 %","   .23 %","  1.57 %","  1.86 %","  3.62 %","  3.01 %","   .68 %","   .94 %","","","  2.29 %","   .68 %"," 14.59 %","   .39 %","   .98 %","   .77 %","   .43 %"
"2021-05-16","  1.30 %","  1.79 %","   .90 %","   .59 %","","  2.09 %","","   .88 %","  3.29 %","   .38 %","  1.38 %","  1.77 %","  3.31 %","  2.41 %","","   .96 %","","","  2.43 %","   .61 %","","   .44 %","   .97 %","   .78 %","   .39 %"
"2021-05-17","  1.75 %","  2.03 %","  1.01 %","   .61 %","  7.23 %","","","   .49 %","  2.77 %","   .46 %","  1.31 %","  1.82 %","  2.43 %","  2.16 %","","   .94 %","  1.00 %","   .81 %","  2.94 %","   .64 %"," 13.68 %","   .33 %","  1.63 %","   .77 %","   .41 %"
"2021-05-18","  4.60 %","  1.64 %","  1.58 %","   .69 %","  8.07 %","  2.05 %","","   .43 %","  2.41 %","   .46 %","  1.45 %","  1.96 %","  2.77 %","  3.33 %","   .81 %","   .91 %","","","  2.87 %","   .67 %"," 14.96 %","   .60 %","  2.18 %","   .73 %","   .30 %"
"2021-05-19","","  1.32 %","  1.55 %","   .81 %"," 20.30 %","  1.63 %","  1.07 %","   .36 %","  2.50 %","","  1.20 %","  1.61 %","  3.39 %","  3.29 %","  1.33 %","   .89 %","","","  3.68 %","   .66 %"," 12.05 %","   .76 %","  3.04 %","   .94 %","   .33 %"
"2021-05-20","  4.59 %","  1.82 %","  1.98 %","   .79 %"," 21.66 %","","","   .36 %","  2.29 %","","  1.39 %","   .81 %","  3.71 %","  3.05 %","  1.59 %","   .93 %","  1.19 %","","  4.24 %","   .47 %","  4.26 %","  1.13 %","  3.39 %","  1.10 %","   .31 %"
"2021-05-21","  4.60 %","  2.16 %","  2.02 %","   .92 %"," 21.54 %","   .79 %","  1.58 %","   .36 %","  2.56 %","   .53 %","  1.73 %","   .75 %","  3.76 %","  3.57 %","","  1.01 %","","","  4.34 %","   .40 %","  4.02 %","  3.19 %","  4.15 %","  1.14 %","   .37 %"
"2021-05-22","  4.28 %","  1.99 %","  1.95 %","   .70 %"," 21.38 %","   .39 %","  2.57 %","   .18 %","  2.33 %","","  2.03 %","","  3.75 %","  3.96 %","  1.95 %","   .93 %","","   .48 %","  4.52 %","   .46 %","","  3.80 %","  3.95 %","  1.11 %","   .40 %"
"2021-05-23","  4.28 %","  2.52 %","  1.20 %","   .62 %","","","  2.64 %","   .18 %","  2.02 %","   .45 %","  2.04 %","   .64 %","  3.19 %","  2.58 %","","   .88 %","  1.17 %","","  4.24 %","   .43 %","","  3.61 %","  3.32 %","  1.30 %","   .33 %"
