"date","Rajasthan/Ajmer","Rajasthan/Alwar","Rajasthan/BSF Camp","Rajasthan/Banswara","Rajasthan/Baran","Rajasthan/Barmer","Rajasthan/Bharatpur","Rajasthan/Bhilwara","Rajasthan/Bikaner","Rajasthan/Bundi","Rajasthan/Chittorgarh","Rajasthan/Churu","Rajasthan/Dausa","Rajasthan/Dholpur","Rajasthan/Dungarpur","Rajasthan/Evacuees","Rajasthan/Ganganagar","Rajasthan/Hanumangarh","Rajasthan/Jaipur","Rajasthan/Jaisalmer","Rajasthan/Jalore","Rajasthan/Jhalawar","Rajasthan/Jhunjhunu","Rajasthan/Jodhpur","Rajasthan/Karauli","Rajasthan/Kota","Rajasthan/Nagaur","Rajasthan/Other State","Rajasthan/Other state","Rajasthan/Pali","Rajasthan/Pratapgarh","Rajasthan/Rajsamand","Rajasthan/Sawai Madhopur","Rajasthan/Sikar","Rajasthan/Sirohi","Rajasthan/Tonk","Rajasthan/Udaipur"
"2020-03-10","","","","","","","","","","","","","","","","","","","1","","","","","","","","","","","","","","","","","",""
"2020-03-14","","","","","","","","","","","","","","","","","","","1","","","","","","","","","","","","","","","","","",""
"2020-03-18","","","","","","","","","","","","","","","","","","","","","","","","","","","","","","","","","","","","",""
"2020-03-19","","","","","","","","","","","","","","","","","","","1","","","","","","","","","","","","","","","","","",""
"2020-03-20","","","","","","","","","","","","","","","","","","","1","","","","","","","","","","","","","","","","","",""
"2020-03-21","","","","","","","","","","","","","","","","","","","","","","","","","","","","","","","","","","","","",""
"2020-03-22","","","","","","","","","","","","","","","","","","","","","","","","","","","","","","","","","","","","",""
"2020-03-23","","","","","","","","","","","","","","","","","","","","","","","","","","","","","","","","","","","","",""
"2020-03-25","","","","","","","","","","","","","","","","","","","","","","","","","","","","","","","","","","","","",""
"2020-03-26","","","","","","","","","","","","","","","","","","","1","","","","","","","","","","","","","","","","","",""
"2020-03-27","","","","","","","","","","","","","","","","","","","1","","","","","","","","","","","","","","","","","",""
"2020-03-28","","","","","","","","","","","","","","","","","","","","","","","","","","","","","","","","","","","","",""
"2020-03-29","","","","","","","","","","","","","","","","","","","","","","","","","","","","","","","","","","","","",""
"2020-03-30","","","","","","","","","","","","","","","","","","","1","","","","","","","","","","","","","","","","","",""
"2020-03-31","","","","","","","","","","","","","","","","","","","1","","","","","","","","","","","","","","","","","",""
"2020-04-01","","","","","","","","","","","","","","","","","","","1","","","","","","","","","","","","","","","","","",""
"2020-04-02","","","","","","","","","","","","","","","","","","","1","","","","","","","","","","","","","","","","","",""
"2020-04-03","","","","","","","","","","","","","","","","","","","1","","","","","","","","","","","","","","","","","",""
"2020-04-04","","","","","","","","","","","","","","","","","","","","","","","","","","","","","","","","","","","","",""
"2020-04-05","","","","","","","","","","","","","","","","","","","1","","","","","","","","","","","","","","","","","",""
"2020-04-06","","","","","","","","","","","","","","","","","","","1","","","","","","","","","","","","","","","","","",""
"2020-04-07","","","","","","","","","","","","","","","","","","","1","","","","","","","","","","","","","","","","","",""
"2020-04-08","","","","","","","","","","","","","","","","","","","1","","","","","","","","","","","","","","","","","",""
"2020-04-09","","","","","","","","","","","","","","","","","","","1","","","","","","","","","","","","","","","","","",""
"2020-04-10","","","","","","","","","","","","","","","","","","","1","","","","","","","","","","","","","","","","","",""
"2020-04-11","","","","","","","","","","","","","","","","","","","1","","","","","","","","","","","","","","","","","",""
"2020-04-12","","","","","","","","","","","","","","","","","","","1","","","","","","","","","","","","","","","","","",""
"2020-04-13","","","","","","","","","","","","","","","","","","","1","","","","","","","","","","","","","","","","","",""
"2020-04-14","","","","","","","","","","","","","","","","","","","1","","","","","","","","","","","","","","","","","",""
"2020-04-15","","","","","","","","","","","","","","","","","","","1","","","","","","","","","","","","","","","","","",""
"2020-04-16","","","","","","","","","","","","","","","","","","","1","","","","","","","","","","","","","","","","","",""
"2020-04-17","","","","","","","","","","","","","","","","","","","1","","","","","","","","","","","","","","","","","",""
"2020-04-18","","","","","","","","","","","","","","","","","","","1","","","","","","","","","","","","","","","","","",""
"2020-04-19","","","","","","","","","","","","","","","","","","","1","","","","","","","","","","","","","","","","","",""
"2020-04-20","","","","","","","","","","","","","","","","","","","1","","","","","","","","","","","","","","","","","",""
"2020-04-21","","","","","","","","","","","","","","","","","","","1","","","","","","","","","","","","","","","","","",""
"2020-04-22","","","","","","","","","","","","","","","","","","","1","","","","","","","","","","","","","","","","","",""
"2020-04-23","","","","","","","","","","","","","","","","","","","1","","","","","","","","","","","","","","","","","",""
"2020-04-24","","","","","","","","","","","","","","","","","","","1","","","","","","","","","","","","","","","","","",""
"2020-04-25","","","","","","","","","","","","","","","","","","","1","","","","","","","","","","","","","","","","","",""
"2020-04-26","","","","","","","","","","","","","","","","","","","1","","","","","","","","","","","","","","","","","",""
"2020-04-27","","1","","10","","","","","4","","","2","","","","9","","","23","4","","","8","31","","18","2","","","","","","","1","","3",""
"2020-04-28","","","","10","","","","","","","","","","","","","","","52","","","4","1","31","","18","2","","","","","","","1","","3",""
"2020-04-29","8","","","10","","","1","","","","","3","1","","","","","3","62","","","","","53","","18","2","","-2","","","","","","","",""
"2020-04-30","8","1","","10","","","","","","","","","","","","","","8","100","","","","","70","","29","6","","","","","","4","","","3",""
"2020-05-01","9","","","20","","","81","","","","","","","","","27","","","129","","","12","4","74","","45","6","","","","","","","","","57",""
"2020-05-02","9","1","","","","","82","","","","","","","","","","","","141","","","","7","142","","46","21","","","","","","","","","81","2"
"2020-05-03","35","2","","30","","","82","","","","","","11","","","","","","179","","","","8","142","","71","24","","","","","","","","","","2"
"2020-05-04","35","2","","","","","98","","4","","","","","","","","","","225","5","","12","","153","","76","24","","","","","","5","1","","83","2"
"2020-05-05","35","2","","37","","","100","5","","","","","","","","36","","","225","","","22","","180","","78","44","","","","","","","","","88",""
"2020-05-06","45","2","","","","","100","","","","","","","","","","","9","383","","","23","10","208","1","79","51","","","","","","8","2","","","3"
"2020-05-07","46","2","","","","","","","","","","","","","","","","","456","","","","","262","","79","73","","","","","","","","","","3"
"2020-05-08","58","2","","","","","","5","","","","","14","","","","","","499","","","23","","292","1","79","95","","","","","1","","2","","99","3"
"2020-05-09","63","","","","","","","","","","","3","14","4","","","","","551","","","25","","346","","103","99","","","","","2","8","","","","8"
"2020-05-10","63","","","41","","","102","","4","","6","","","","","","","","551","8","","","","391","","103","102","","","16","","2","","","","99","8"
"2020-05-11","75","2","","","","","102","","","","6","3","14","","","","","","572","8","","","","441","1","103","102","","","16","","2","","","","99","8"
"2020-05-12","98","","","42","1","","109","8","5","","18","3","14","","","","","9","605","8","","","10","470","","121","102","","","18","","2","","2","","","8"
"2020-05-13","103","3","","42","","","109","","","","","3","14","4","","","","","609","8","","29","10","569","","121","106","","","19","1","2","8","2","","99","8"
"2020-05-14","105","3","","","3","","","","","","","3","","","","","","","629","","","31","10","584","1","130","108","","","19","","12","","2","","102","8"
"2020-05-15","117","9","","44","3","","109","","5","","53","3","14","","","","","9","659","8","","31","10","588","1","132","108","","","19","","12","","2","","","8"
"2020-05-16","156","","42","45","","","109","8","5","","53","","","8","","","","","680","","1","","10","672","","143","108","","","32","","8","","2","","105","8"
"2020-05-17","164","9","","","","","109","8","5","","102","3","14","","","","","","695","9","1","31","10","699","1","150","108","","","32","1","8","8","6","","","8"
"2020-05-18","191","","42","45","","","109","8","5","","102","","16","9","","","","10","762","9","1","","10","742","2","157","109","","","43","","8","","8","","105","8"
"2020-05-19","196","9","","","4","","110","8","5","","102","3","18","9","3","","","","809","","3","31","15","784","","157","109","","","43","1","14","","8","","110","8"
"2020-05-20","210","","","45","4","","","13","","","107","3","","","3","","","11","813","","3","31","15","784","","168","119","","","43","","26","","8","5","110","8"
"2020-05-21","223","24","","","","","110","13","5","","107","3","","","3","","","","841","9","4","31","17","806","","168","119","","","43","1","26","","8","5","","8"
"2020-05-22","226","","","45","","","118","20","5","","118","15","19","9","3","","","12","885","9","4","","17","811","","192","125","","","57","1","26","","8","6","","66"
"2020-05-23","230","24","","45","","","118","20","5","","118","15","","21","3","","","","953","10","7","31","17","822","","192","125","","","57","","26","","8","6","117","66"
"2020-05-24","231","24","","","","","118","20","5","","122","","19","21","3","","","","964","10","8","","20","822","","206","128","","","57","","30","","20","6","126","66"
"2020-05-25","231","24","","","","","","25","8","","","15","23","23","3","","","","1000","14","8","32","20","923","","222","141","","","78","","32","8","20","6","","66"
"2020-05-26","233","","","51","","","118","26","18","","146","39","23","23","4","","","","1042","18","20","32","20","944","","233","141","","","78","1","32","13","27","6","","116"
"2020-05-27","242","28","","","4","5","118","43","18","","146","","28","25","4","","","12","1156","","","32","25","972","2","233","159","","","95","","40","","48","6","124","151"
"2020-05-28","248","41","","53","","29","118","43","18","","150","42","28","26","4","","","12","1229","","53","33","42","972","2","243","161","","","137","","","13","51","18","","158"
"2020-05-29","248","43","","","","34","118","46","18","","156","42","31","26","8","","","12","1293","27","60","34","42","1026","4","243","189","","","168","2","","","61","18","126","355"
"2020-05-30","286","45","","","4","56","124","63","25","","","42","","36","186","","","12","1362","27","60","35","49","1061","5","273","195","","","183","","50","","102","18","","355"
"2020-05-31","287","","","60","","61","124","70","25","","165","49","34","37","238","","","","1394","33","61","38","50","1080","5","275","219","","","193","2","66","","104","43","126","415"
"2020-06-01","287","48","","62","4","62","129","70","28","","","49","34","","246","","","","1453","","","39","57","1080","6","275","254","","","212","9","88","","104","43","129","420"
"2020-06-02","292","48","","","6","74","129","70","28","","165","51","37","38","253","","1","","1462","","96","50","75","1080","","282","295","","","241","","98","16","114","59","129","420"
"2020-06-03","294","48","50","","6","75","129","73","37","","165","51","39","38","274","","","14","1513","39","134","116","80","1120","7","282","295","","","252","","118","16","127","59","130","429"
"2020-06-04","294","","","","8","76","145","74","45","","166","51","","43","292","","3","","1529","","150","","89","1154","7","304","366","","","331","10","118","16","152","59","","462"
"2020-06-05","294","","","","8","79","145","75","51","","","76","","44","299","","6","17","1544","41","","146","93","1177","9","304","384","","","344","","128","17","177","80","131","503"
"2020-06-06","298","","","","8","82","145","75","52","","166","76","39","49","299","","","","1580","","","","100","1202","9","320","384","","","379","","130","17","177","80","","511"
"2020-06-07","305","48","","62","8","83","184","95","","","169","76","39","50","","","6","19","1617","","150","221","103","1227","","320","395","","","381","","130","17","183","101","131","511"
"2020-06-08","308","48","","62","32","","238","95","52","","170","","42","59","318","","6","26","1638","46","150","228","115","1287","11","364","409","","","429","11","137","17","192","109","","516"
"2020-06-09","326","48","","62","33","84","238","103","58","","","90","43","59","334","","6","27","1643","46","158","229","117","1340","11","364","427","","","449","","140","17","196","136","135",""
"2020-06-10","326","48","","63","","84","309","105","58","1","172","91","43","59","334","","7","","1669","46","158","232","118","1439","11","372","430","","","456","","140","","196","136","","531"
"2020-06-11","335","48","","","33","98","309","109","63","3","176","115","49","59","352","","7","28","1674","","","232","118","1439","14","380","432","","","533","","143","17","216","137","135","531"
"2020-06-12","341","53","","","41","98","316","112","63","","176","","49","59","353","","7","","1721","46","","279","131","1464","14","380","443","","","557","","147","17","216","142","141","555"
"2020-06-13","346","60","","","44","101","396","112","67","","180","133","49","59","353","","7","","1755","47","164","281","133","1542","14","385","443","","","575","","155","32","236","152","141","558"
"2020-06-14","347","64","","66","52","102","437","113","71","","180","140","59","59","371","","7","28","1769","","","315","153","1574","15","388","449","","","582","11","158","32","243","153","","561"
"2020-06-15","347","85","","","55","103","460","129","73","3","183","142","60","59","372","","7","28","1769","","164","","154","1672","15","407","453","","","600","","159","32","248","153","141","561"
"2020-06-16","347","85","","","","103","526","132","73","","192","153","60","59","372","","","","1769","","164","319","170","1672","19","","479","","","619","","159","","259","159","143","561"
"2020-06-17","349","298","","","57","103","545","135","77","","192","153","64","59","375","","7","29","1929","48","","319","171","1672","19","422","479","","","635","","160","40","283","183","","565"
"2020-06-18","356","298","","66","58","103","571","135","77","","192","153","64","64","375","","7","","1970","","166","321","187","1783","","422","493","","","662","","163","40","302","183","143","566"
"2020-06-19","360","298","","67","","109","605","143","79","8","192","153","65","64","377","","9","30","2006","48","170","321","187","1828","19","429","493","","","701","","165","53","331","","144","579"
"2020-06-20","366","298","","","","109","655","150","79","","194","160","71","66","377","","","","2027","48","170","322","202","1937","25","438","500","","","712","","165","55","331","197","145","580"
"2020-06-21","370","298","","","","109","865","150","82","","195","165","81","66","377","","","","2027","50","172","324","221","1937","26","","500","","","733","","165","","351","211","145","589"
"2020-06-22","389","298","","","","121","915","","83","","196","165","81","66","377","","11","33","2106","","172","329","231","1961","29","438","508","","","761","","165","","377","242","156","589"
"2020-06-23","392","298","","69","","123","1025","151","85","10","","165","85","66","","","11","33","2119","54","173","330","234","2017","30","438","521","","","798","","168","56","389","260","","603"
"2020-06-24","403","298","","","58","132","1058","154","93","10","","177","85","147","387","","20","38","2151","","190","335","256","2097","30","446","530","","","820","11","170","59","390","260","164","611"
"2020-06-25","405","300","","69","","138","1078","173","93","10","","177","90","154","387","","20","38","2198","54","190","337","271","2126","41","446","535","","","844","","175","59","396","284","","611"
"2020-06-26","407","303","","69","58","144","1150","173","95","10","197","182","100","159","387","","20","38","2201","66","209","339","278","2128","42","448","539","41","","852","","183","64","398","284","",""
"2020-06-27","408","312","","","","161","1170","181","108","","199","192","100","231","387","","","39","2245","70","209","341","281","2170","48","448","539","41","","884","","185","65","404","288","","617"
"2020-06-28","417","325","","69","","161","1185","185","113","","199","198","102","247","387","","21","39","2258","70","220","345","284","2229","48","448","551","41","","904","11","193","66","426","297","","628"
"2020-06-29","418","","50","","","164","1235","185","115","","202","206","102","297","387","","","40","2305","70","220","346","286","2261","64","451","565","41","","942","","194","66","448","304","","637"
"2020-06-30","422","325","50","","","171","1265","191","118","","203","229","107","321","406","","25","43","2362","","220","","287","2308","69","452","575","41","","952","","202","66","454","314","167","649"
"2020-07-01","429","325","","71","59","183","1381","","122","11","","229","109","353","406","","25","44","2437","70","221","","303","2308","74","460","581","41","","985","11","202","78","469","314","","654"
"2020-07-02","439","334","","","59","190","1400","202","138","11","","234","111","398","406","","28","44","2524","78","223","352","304","2339","74","485","583","41","","997","","208","78","486","362","","656"
"2020-07-03","447","336","","74","","204","1446","209","143","","","246","111","474","406","","","45","2558","79","240","353","315","2392","75","485","583","41","","1025","11","210","78","495","362","167","658"
"2020-07-04","451","336","50","","60","220","1505","209","143","","","261","111","531","413","","28","53","2616","","251","","323","2434","82","493","585","41","","1035","","210","83","509","389","167","658"
"2020-07-05","460","336","","","60","268","1525","215","143","","","261","119","592","415","","31","54","2639","","253","356","326","2465","82","508","592","41","","1035","12","210","","522","415","167","664"
"2020-07-06","478","339","50","75","","307","1545","215","187","","","311","125","630","415","","42","54","2685","81","258","","328","2484","88","508","598","41","","1038","","216","83","542","420","167","664"
"2020-07-07","483","347","50","75","","327","1556","215","190","14","204","311","133","630","422","","42","54","2726","81","267","359","336","2524","97","532","598","41","","1061","","235","84","565","442","167","673"
"2020-07-08","491","365","","76","","349","1584","223","207","","204","315","148","649","426","","44","60","2753","81","276","359","342","2542","99","538","598","41","","1088","12","242","93","577","445","167","686"
"2020-07-09","492","369","","","62","359","1622","225","212","","205","316","149","665","430","","44","","2772","84","278","","342","2580","99","538","598","41","","1106","12","242","","579","473","167","695"
"2020-07-10","510","389","","","","385","1637","","249","14","205","316","156","691","443","","45","68","2831","85","278","362","370","2677","99","584","622","","","1135","","267","96","602","507","171","698"
"2020-07-11","510","389","","76","62","413","1669","228","259","","","317","159","701","443","","45","68","2861","","278","","380","2715","99","621","622","41","","1179","13","267","98","602","507","171","698"
"2020-07-12","518","413","","76","64","430","1680","232","259","14","","317","167","710","449","","47","","2861","","294","","384","2734","102","630","622","41","","1214","13","290","98","626","514","171","701"
"2020-07-13","532","445","52","77","","440","1703","237","324","","","320","177","727","449","","48","68","2943","","294","362","390","2780","103","630","670","41","","1230","13","296","98","626","574","","780"
"2020-07-14","556","519","","77","65","454","1745","237","347","14","","327","181","744","452","","48","76","2969","87","356","362","397","2823","103","630","695","41","","1238","102","308","102","643","596","","785"
"2020-07-15","556","636","","77","65","457","1755","237","369","15","206","339","186","746","452","","56","77","3005","87","356","363","398","2879","106","630","717","","","1248","","323","104","648","596","171","785"
"2020-07-16","576","636","","77","67","483","1800","241","378","15","","350","186","750","452","","","78","3073","","376","364","407","2998","108","659","717","41","","1301","102","","104","675","599","179","792"
"2020-07-17","628","732","","","70","495","1845","241","448","","","357","188","754","452","","57","83","3093","","443","364","412","3126","108","659","793","41","","1321","109","348","106","682","601","179","792"
"2020-07-18","653","753","","80","71","524","1875","248","458","15","","365","200","777","474","","57","85","3105","87","510","364","413","3226","108","661","817","41","","1384","110","356","107","686","602","179","833"
"2020-07-19","653","856","","82","71","530","1904","248","538","","206","375","201","783","475","","60","85","3123","89","630","367","415","3339","108","704","822","41","","1409","110","362","115","686","","179","833"
"2020-07-20","683","916","52","","72","530","1915","250","621","15","","375","212","788","479","","","88","3153","89","678","367","423","3434","110","729","860","41","","1409","111","364","115","689","","179","836"
"2020-07-21","738","944","","82","72","554","1920","250","647","23","206","405","213","788","479","","60","88","3190","","683","367","441","3510","110","756","899","41","","1489","130","364","120","701","633","183","855"
"2020-07-22","738","1033","","82","73","584","1920","253","753","26","206","421","213","839","479","","60","88","3244","89","722","367","441","3610","115","757","916","","","1540","136","381","121","706","652","186","858"
"2020-07-23","798","1061","","88","74","599","1935","256","816","26","206","431","217","842","488","","63","100","3266","90","737","369","455","3698","127","760","916","","","1583","142","386","122","710","652","186","861"
"2020-07-24","798","1131","","","74","629","1950","270","873","31","208","431","221","887","488","","67","","3310","","751","370","460","3823","149","776","949","","","1741","142","396","122","713","656","186","912"
"2020-07-25","853","1172","","88","","655","1975","280","963","31","210","447","224","892","504","","69","117","3357","96","846","379","471","3990","158","789","961","","","1800","","409","123","","","188","919"
"2020-07-26","883","1228","","89","74","666","1995","281","1009","31","210","447","243","948","504","","76","123","3370","101","892","390","472","4167","158","789","981","41","","1834","147","429","127","723","705","188","919"
"2020-07-27","931","1344","","89","74","707","2015","285","1087","31","210","466","243","964","","","82","135","3440","","946","","476","4270","163","811","1024","","","1924","","435","127","750","754","206","948"
"2020-07-28","976","1403","","90","74","759","2030","285","1113","31","210","473","253","984","504","","85","","3558","101","984","397","481","4270","167","823","1024","41","","1955","150","459","127","751","","208","948"
"2020-07-29","1075","1486","","93","95","777","2062","292","1293","45","210","477","253","1002","504","","85","149","3679","119","1009","397","497","4371","171","850","1142","41","","1989","150","472","135","758","754","","955"
"2020-07-30","1166","1647","","95","95","809","2085","294","1340","48","213","497","260","1028","528","","105","160","3710","120","1029","404","513","4542","182","866","1182","54","","2087","","485","135","767","754","212","955"
"2020-07-31","1292","1650","","109","95","819","2111","319","1388","57","215","497","","1040","528","","","","3782","","1045","420","513","4623","184","866","1196","54","","2164","","490","142","767","757","212","1001"
"2020-08-01","1383","1720","","109","95","819","2143","319","1466","60","215","510","265","1040","","","119","160","3799","120","1063","428","521","4975","191","880","1214","","","2189","","501","143","790","763","221",""
"2020-08-02","1431","1805","","109","95","819","2176","322","1478","","215","510","267","1048","541","","121","179","3808","133","1073","434","534","5188","191","880","1237","","","2195","158","506","143","790","765","226","1011"
"2020-08-03","1512","1892","52","115","","819","2206","334","1517","60","216","","274","1048","","","127","184","3813","133","","435","534","5331","220","1025","1278","","","2281","158","530","143","822","770","231","1056"
"2020-08-04","1597","1905","","115","107","819","2276","345","1563","69","220","531","274","1079","554","","131","184","3861","138","1089","435","545","5513","220","1050","1290","54","","2333","159","560","150","888","774","234","1056"
"2020-08-05","1677","1990","","123","107","819","2296","354","1610","69","230","","274","1111","559","","140","","3981","143","1125","440","562","5755","234","1089","1308","","","2373","","578","150","905","789","252","1164"
"2020-08-06","1712","2260","","133","107","1241","2350","354","1638","84","230","531","298","1111","559","","160","184","4049","","1127","492","562","5899","251","1112","1320","","","2409","","585","157","916","807","252","1171"
"2020-08-07","1811","2497","52","134","","1241","2381","363","1655","95","256","610","298","1161","561","","171","184","4091","154","1144","522","576","6011","264","1217","1338","","","2439","159","606","","969","832","252",""
"2020-08-08","1862","2860","","134","122","1317","2400","363","1718","95","258","","300","1186","598","","","197","4128","162","","524","588","6122","273","1222","1359","","","2467","159","621","161","969","","259","1214"
"2020-08-09","1965","2972","","157","139","1366","2423","405","1796","95","262","","300","1195","611","","183","197","4177","167","1168","528","593","6351","280","1275","1398","","","2478","170","644","161","1015","862","271","1253"
"2020-08-10","2055","3110","","157","139","1366","2470","420","1875","109","274","667","318","1223","614","","186","205","4214","172","1183","","603","6453","","1275","1419","","","2478","170","655","163","1026","879","273","1333"
"2020-08-11","2127","3305","","157","142","1455","2502","","1928","","274","","318","","614","","197","213","4361","176","1188","636","613","6548","280","1396","1465","","","2730","170","655","187","1066","879","287","1343"
"2020-08-12","2182","3514","","157","153","1488","2545","651","2037","110","287","669","318","1287","614","","205","217","4387","180","1215","646","613","6641","312","1396","1518","","","2822","170","677","187","1160","881","298","1343"
"2020-08-13","2182","3514","","188","153","1488","2555","651","2094","","287","669","318","1287","","","205","217","4387","","1215","646","","6641","312","1451","1518","","","2822","170","677","187","1160","","","1361"
"2020-08-14","2291","4081","","188","159","1530","2631","739","2216","116","311","681","318","1308","645","","229","218","4518","205","1226","685","655","6731","328","1569","1589","","","2967","180","714","229","1290","900","304","1378"
"2020-08-15","2355","4343","","194","159","1569","2655","739","2278","118","320","681","332","1308","669","","249","222","4760","205","1243","708","669","7019","328","1596","1631","","","2967","","725","","1374","900","310","1451"
"2020-08-16","2422","4518","","194","166","1599","2760","796","2448","118","339","681","352","1328","676","","254","232","4760","212","1246","740","702","7278","328","1644","1651","84","","2998","180","733","237","1459","942","319","1494"
"2020-08-17","2520","4636","85","194","176","1599","2785","796","2496","120","354","684","352","1365","686","","274","238","4951","220","1248","771","702","7393","338","1656","1672","94","","3063","185","766","242","1557","944","336","1494"
"2020-08-18","2613","4797","","","206","1659","2820","871","2682","131","354","687","352","1416","687","","274","238","5075","224","1248","825","709","7510","","1681","1708","","","3071","189","787","242","1615","968","359","1589"
"2020-08-19","2716","4886","","248","","1678","2845","","2731","","409","","371","1416","717","","291","244","5075","230","1261","873","734","7570","354","1751","1735","","","3194","190","836","267","1662","","386","1589"
"2020-08-20","2754","5002","","","230","","2900","997","2789","133","425","","371","1476","724","","305","","5371","","1264","891","756","7644","372","1829","1792","","","3227","190","","297","1680","979","403","1625"
"2020-08-21","2844","5135","","293","230","1829","2995","1044","2811","133","444","696","373","1508","724","","309","261","5403","234","1267","903","764","7866","377","1986","1812","","","3245","190","857","302","1769","980","405","1666"
"2020-08-22","2892","5393","","318","240","1864","3025","1044","2968","","473","696","402","1556","761","","315","271","5422","","1270","916","777","8071","385","2514","1847","","","3247","190","865","304","1823","993","406","1688"
"2020-08-23","3030","5393","","","256","1888","3075","1104","3044","308","484","726","415","1557","761","","322","278","5452","237","1273","928","792","8214","395","2680","1860","","","3281","190","868","304","1885","1004","406","1755"
"2020-08-24","3121","5498","","330","271","1907","3109","1146","3152","328","509","726","424","1654","767","","322","280","5659","243","1301","931","821","8405","405","2793","1880","","","3291","201","868","304","1913","1010","435","1755"
"2020-08-25","3251","5694","","337","271","1907","3139","1146","3222","328","558","726","425","1704","777","","353","280","5708","245","1301","951","845","8672","405","2907","1913","","","3339","201","923","367","1984","1012","435","1959"
"2020-08-26","3300","5767","","337","307","1981","3193","1154","3354","328","558","753","434","1751","799","","360","285","5964","257","1305","998","868","8852","436","2990","1962","104","","3360","201","923","367","2089","1031","439","2025"
"2020-08-27","3360","5911","","344","307","2014","3225","1154","3375","330","599","753","434","1798","808","","362","298","6008","260","1306","1022","885","8993","442","3048","2026","","","3416","252","923","370","2157","1069","460","2025"
"2020-08-28","3441","6035","","344","328","2021","3265","1154","3437","330","645","753","460","1835","810","","362","298","6185","264","1307","1034","924","9175","456","3192","2082","","","3489","252","989","370","2285","1091","462","2107"
"2020-08-29","3579","6129","","344","360","2032","3307","1154","3553","","669","788","473","1869","841","","422","318","6195","274","1307","1078","926","9175","456","3219","2103","114","","3526","252","","395","2335","1106","469","2137"
"2020-08-30","3674","6316","","344","383","2041","3367","1765","3690","334","701","788","473","1877","841","","452","329","6214","280","1318","1100","960","9592","456","3268","2117","","","3696","252","1062","395","2358","1147","469","2173"
"2020-08-31","3804","6495","","378","393","2052","3409","1765","3820","334","738","789","497","1909","903","","479","352","6431","280","1318","1122","970","9879","471","3366","2187","","","3769","252","1085","395","2473","1164","469","2203"
"2020-09-01","3894","6616","","388","393","2064","3508","1765","3887","346","749","789","509","1916","913","","","370","6681","294","1319","1184","1005","10130","471","3400","2237","","","3816","","1085","395","2500","1221","469","2218"
"2020-09-02","4024","7379","","388","422","2188","3578","1765","3970","346","774","789","526","1948","932","","497","380","7076","294","1319","1220","1016","10368","501","3532","2237","","","3864","278","1112","442","2579","1232","478","2359"
"2020-09-03","4035","7379","","391","430","2194","3584","1769","4115","347","782","809","533","1956","937","","500","383","7109","298","1320","1239","1018","10430","501","3610","2293","","","3897","278","1120","442","2584","1239","478","2359"
"2020-09-04","4155","7379","","422","486","2211","3587","1769","4138","351","790","839","536","1989","945","","520","383","7199","304","1320","1283","1018","10530","501","3640","2303","","","3908","298","1121","443","2584","1240","478","2368"
"2020-09-05","4195","7379","","439","490","2219","3595","1860","4327","355","802","844","540","2009","954","","525","384","7459","314","1323","1444","1022","10750","501","3808","2312","120","","3938","298","1121","443","2588","1243","518","2379"
"2020-09-06","4305","7596","","449","530","2224","3605","1860","4435","355","835","889","554","2109","965","","560","384","7689","319","1324","1487","1023","10968","529","3922","2323","","","3998","308","1145","450","2599","1281","568","2406"
"2020-09-07","4345","7796","","469","570","2229","3610","1970","4478","423","840","899","555","2118","966","","563","386","7979","321","1325","1524","1024","11338","530","3925","2333","122","","4228","318","1149","455","2614","1284","578","2416"
"2020-09-08","4395","7895","","529","590","2239","3625","1990","4558","430","880","919","556","2159","985","","570","388","8179","324","1326","1583","1025","11913","540","3930","2343","","","4229","331","1155","465","2629","1289","598","2436"
"2020-09-09","4485","7957","","569","610","2289","3631","2030","4658","470","900","959","560","2209","995","","650","393","8329","340","1327","1614","1027","12089","548","4288","2383","123","","4238","348","1160","471","2689","1290","628","2446"
"2020-09-10","4525","7996","","589","630","2299","3645","2060","4718","499","950","979","561","2269","1015","","670","408","8529","341","1328","1654","1029","12277","549","4319","2413","","","4258","368","1175","478","2699","1300","631","2451"
"2020-09-11","4594","8086","","639","690","2307","3655","2070","4737","530","1000","991","564","2298","1072","","680","448","8678","356","1332","1686","1046","12381","556","4520","2480","124","","4270","398","1199","500","2841","1380","649","2466"
"2020-09-12","4645","8116","","643","698","2314","3664","2159","4752","548","1039","1007","567","2303","1078","","692","460","8773","362","1339","1713","1058","12568","560","4658","2495","","","4297","408","1213","512","2851","1410","653","2476"
"2020-09-13","4694","8201","","659","720","2349","3735","2170","4767","560","1055","1034","573","2343","1094","","702","497","9078","384","1349","1783","1074","12780","576","4799","2592","","","4343","428","1250","533","2909","1423","667","2526"
"2020-09-14","4935","8496","","689","750","2398","3747","2270","4788","600","1099","1088","583","2354","1115","","720","498","9287","385","1350","1806","1078","12990","577","4902","2595","","","4348","460","1252","555","2911","1450","669","2546"
"2020-09-15","5005","8676","","738","799","2399","3755","2370","4867","688","1132","1122","597","2367","1130","","788","526","9478","396","1356","1822","1087","13150","580","5022","2677","","","4397","479","1263","582","2997","1453","688","2616"
"2020-09-16","5194","8816","","759","819","2404","3764","2420","4958","710","1159","1126","604","2381","1145","","798","536","9678","424","1362","1839","1103","13349","596","5130","2692","","","4440","490","1279","593","3049","1470","699","2695"
"2020-09-17","5225","8958","","784","825","2408","3770","2469","5001","732","1168","1141","614","2398","1174","","819","547","9938","433","1382","1878","1117","13568","608","5269","2722","","","4447","508","1289","610","3069","1499","708","2736"
"2020-09-18","5265","9084","","800","843","2419","3794","2500","5067","744","1199","1177","636","2410","1184","","823","557","10178","439","1410","1894","1129","13769","617","5490","2792","","","4487","520","1299","621","3098","1520","734","2895"
"2020-09-19","5394","9176","","831","870","2433","3807","2568","5151","791","1219","1199","663","2448","1194","","860","564","10478","444","1480","1954","1146","13948","630","5519","2803","","","4515","528","1310","630","3176","1560","739","2906"
"2020-09-20","5535","9286","","848","920","2454","3845","2650","5238","810","1299","1249","672","2499","1215","","890","588","10619","458","1499","2014","1188","14090","635","5620","2853","","","4578","558","1350","649","3193","1563","748","2985"
"2020-09-21","5645","9396","","868","950","2489","3915","2769","5267","920","1310","1279","678","2558","1244","","920","618","10769","473","1510","2033","1230","14140","642","5919","2892","","","4618","572","1399","667","3289","1570","788","3076"
"2020-09-22","5719","9511","","880","996","2509","3928","2811","5339","983","1340","1309","703","2564","1250","","949","630","10978","483","1529","2043","1247","14240","652","6040","2963","","","4731","579","1420","680","3317","1599","844","3175"
"2020-09-23","5835","9637","","891","1020","2510","3938","2919","5358","1030","1349","1333","721","2574","1314","","1020","642","11189","489","1544","2074","1265","14349","657","6270","3023","","","4753","590","1439","689","3318","1610","859","3285"
"2020-09-24","6015","9706","","899","1033","2528","3955","2999","5556","1099","1355","1388","733","2588","1377","","1043","648","11587","495","1599","2094","1278","14620","663","6279","3032","150","","4827","631","1480","692","3319","1620","903","3392"
"2020-09-25","6083","9851","","949","1066","2534","4015","3168","5645","1120","1420","1399","759","2639","1449","","1055","686","11869","515","1618","2107","1297","14820","688","6408","3123","","","4918","668","1485","702","3320","1621","910","3484"
"2020-09-26","6197","9991","","958","1076","2538","4023","3272","5707","1126","1426","1423","762","2652","1456","","1098","692","12162","526","1619","2180","1301","15071","708","6440","3142","","","5098","677","1498","725","3321","1659","957","3616"
"2020-09-27","6348","10164","","1008","1108","2542","4057","3430","5812","1129","1431","1441","785","2669","1471","","1146","697","12421","553","1733","2196","1320","15189","729","6464","3161","","","5198","687","1511","746","3323","1662","960","3730"
"2020-09-28","6427","10215","","1022","1123","2582","4088","3500","5893","1138","1436","1488","814","2754","1575","","1164","721","12709","556","1737","2232","1330","15249","741","6819","3185","","","5275","689","1522","750","3419","1683","988","3751"
"2020-09-29","6450","10335","","1043","1138","2587","4105","3603","5997","1141","1453","1509","830","2756","1597","","1182","731","12912","578","1783","2248","1389","15514","752","7109","3212","","","5341","693","1546","783","3482","1694","1066","3816"
"2020-09-30","6553","10471","","1077","1185","2597","4122","3739","6067","1142","1459","1578","882","2763","1618","","1198","739","13177","670","1821","2254","1446","15780","755","7262","3321","","","5356","697","1574","791","3520","1711","1086","3917"
"2020-10-01","6658","10556","","1078","1192","2629","4148","3903","6166","1154","1521","1630","913","2797","1693","","1246","757","13428","686","1998","2265","1466","15847","774","7516","3427","","","5385","709","1598","799","3586","1732","1089","3935"
"2020-10-02","6669","10626","","1082","1195","2642","4175","4000","6353","1156","1536","1684","982","2889","1734","","1298","781","13707","713","2022","2303","1488","16049","780","7700","3505","","","5427","729","1633","819","3758","1802","1098","4006"
"2020-10-03","6790","10836","","1102","1197","2652","4199","4132","6457","1158","1591","1703","985","2893","1744","","1329","797","13963","718","2141","2306","1516","16277","788","7732","3582","","","5586","733","1686","821","3801","1824","1111","4194"
"2020-10-04","6893","10945","","1120","1218","2688","4218","4257","6566","1160","1594","1708","991","2897","1751","","1385","823","14218","724","2299","2311","1555","16548","793","8109","3585","","","5662","737","1710","823","3855","1850","1135","4306"
"2020-10-05","6958","11069","","1128","1221","2695","4260","4350","6650","1163","1623","1787","1013","2911","1775","","1455","839","14359","731","2363","2351","1612","16820","800","8296","3625","","","5778","739","1787","825","3976","1931","1143","4491"
"2020-10-06","7150","11285","","1130","1224","2711","4281","4564","6813","1165","1639","1838","1035","2914","1820","","1503","869","14574","738","2402","2354","1625","17067","811","8312","3642","","","5796","741","1820","829","4087","1959","1178","4675"
"2020-10-07","7214","11388","","1138","1232","2723","4333","4659","6966","1173","1691","1843","1042","2928","1834","","1589","917","14808","765","2513","2357","1688","17337","821","8405","3735","","","5890","743","1844","839","4188","2010","1257","4759"
"2020-10-08","7357","11508","","1141","1235","2748","4354","4765","7155","1182","1702","1852","1082","2997","1893","","1676","927","15201","773","2523","2368","1700","17539","833","8480","3743","","","6000","747","1862","847","4277","2101","1263","4890"
"2020-10-09","7464","11645","","1152","1249","2771","4374","4872","7347","1184","1705","1916","1085","3020","1897","","1729","932","15608","775","2528","2374","1757","17837","839","8619","3744","","","6010","763","1892","855","4339","2105","1297","5185"
"2020-10-10","7592","11938","","1168","1259","2787","4406","5014","7488","1191","1789","1967","1088","3026","1934","","1802","957","16120","795","2579","2380","1797","17937","843","8721","3746","","","6017","770","1901","863","4422","2117","1316","5291"
"2020-10-11","7662","12046","","1173","1261","2802","4484","5066","7677","1204","1796","1978","1090","3030","1954","","1859","984","16668","799","2679","2392","1808","18309","857","8848","3782","","","6087","776","1915","870","4478","2120","1337","5302"
"2020-10-12","7744","12165","","1184","1278","2810","4504","5121","7958","1219","1821","2000","1095","3038","1996","","1895","1018","17166","813","2689","2407","1821","18439","877","8931","3860","","","6147","783","1950","879","4497","2127","1339","5380"
"2020-10-13","7851","12280","","1209","1281","2833","4524","5191","8010","1221","1830","2011","1102","3050","2010","","1905","1027","17663","817","2698","2438","1843","18642","891","9118","3965","","","6185","796","1998","890","4508","2130","1347","5455"
"2020-10-14","7922","12394","","1228","1289","2858","4618","5261","8266","1252","1861","2034","1111","3073","2053","","1988","1066","18346","825","2719","2443","1866","19005","902","9132","4014","","","6210","802","2019","906","4519","2139","1355","5462"
"2020-10-15","8044","12555","","1236","1293","2889","4644","5269","8517","1260","1870","2057","1122","3078","2064","","2012","1074","18968","834","2759","2446","1884","19418","917","9189","4073","","","6232","811","2031","913","4567","2144","1362","5555"
"2020-10-16","8123","12733","","1264","1298","2896","4713","5288","8757","1264","1894","2087","1135","3083","2081","","2089","1077","19562","841","2791","2449","1962","19781","927","9302","4106","","","6287","815","2039","916","4577","2156","1380","5615"
"2020-10-17","8207","12874","","1268","1303","2904","4754","5306","8947","1266","1896","2154","1151","3087","2144","","2172","1083","20133","846","2892","2453","1970","20017","952","9408","4172","","","6368","817","2042","918","4651","2158","1401","5680"
"2020-10-18","8304","12980","","1276","1329","2923","4775","5324","9051","1273","1904","2236","1162","3096","2171","","2248","1127","20658","855","2921","2462","2056","20225","972","9509","4231","150","","6416","821","2078","923","4765","2169","1455","5787"
"2020-10-19","8392","13076","","1300","1334","2954","4856","5355","9232","1278","1921","2281","1188","3124","2179","","2286","1148","21364","866","3023","2464","2062","20493","979","9611","4285","150","","6491","829","2082","932","4803","2183","1465","5840"
"2020-10-20","8469","13273","","1329","1339","2986","4934","5369","9557","1286","1934","2318","1221","3148","2192","","2346","1171","22065","875","3056","2465","2102","20938","992","9679","4317","","","6546","834","2094","937","4858","2201","1480","5887"
"2020-10-21","8514","13394","","1341","1342","3001","5083","5398","9907","1298","1978","2410","1284","3156","2207","","2429","1187","22777","901","3097","2472","2255","21338","1000","9798","4462","","","6561","835","2098","940","4909","2209","1497","5985"
"2020-10-22","8682","13465","","1346","1349","3027","5184","5459","10158","1309","1988","2481","1305","3161","2226","","2569","1206","23490","913","3112","2478","2264","21789","1017","9854","4567","","","6684","837","2110","949","4996","2212","1500","6030"
"2020-10-23","8783","13676","","1353","1353","3046","5198","5473","10561","1312","1995","2491","1333","3168","2236","","2577","1236","24238","917","3158","2481","2278","22139","1020","9909","4595","","","6727","840","2159","954","5011","2216","1516","6135"
"2020-10-24","8885","13779","","1355","1355","3049","5254","5558","10762","1318","2003","2497","1348","3172","2249","","2749","1249","25032","938","3190","2485","2290","22431","1027","10100","4771","","","6753","845","2179","968","5028","2230","1556","6194"
"2020-10-25","9017","13886","","1358","1357","3054","5260","5573","11057","1322","2012","2520","1359","3174","2255","","2859","1265","25748","951","3228","2492","2383","22850","1028","10121","4795","","","6778","849","2189","971","5032","2233","1558","6305"
"2020-10-26","9058","13986","","1361","1358","3087","5328","5581","11289","1327","2019","2528","1367","3178","2275","","2903","1295","26279","956","3304","2493","2407","23251","1030","10242","4843","","","6821","853","2206","976","5342","2239","1564","6319"
"2020-10-27","9174","14076","","1363","1366","3128","5424","5658","11548","1330","2023","2569","1372","3189","2324","","2989","1318","26770","960","3350","2496","2458","23517","1039","10290","4898","","","6895","857","2219","989","5378","2241","1568","6355"
"2020-10-28","9218","14217","","1370","1372","3144","5444","5666","12170","1335","2031","2638","1378","3193","2330","","3010","1331","27421","964","3392","2504","2470","23573","1043","10330","4953","","","6927","860","2231","992","5418","2245","1598","6379"
"2020-10-29","9325","14394","","1374","1380","3145","5497","5671","12548","1341","2058","2688","1383","3194","2334","","3098","1367","27669","972","3412","2506","2548","23870","1047","10418","5013","","","6929","863","2236","998","5518","2253","1606","6425"
"2020-10-30","9373","14476","","1377","1384","3185","5588","5759","12667","1350","2088","2698","1403","3197","2395","","3159","1373","28075","986","3460","2518","2567","24380","1052","10519","5026","","","7058","865","2248","1002","5618","2278","1609","6434"
"2020-10-31","9457","14526","","1378","1387","3201","5604","5772","12780","1353","2097","2709","1415","3198","2423","","3210","1404","28679","994","3498","2523","2658","24853","1054","10549","5073","","","7069","870","2257","1025","5689","2302","1624","6456"
"2020-11-01","9493","14586","","1379","1392","3228","5635","5782","12957","1360","2103","2739","1424","3207","2427","","3239","1497","29083","1003","3521","2524","2680","25248","1057","10579","5113","","","7080","873","2269","1029","5728","2319","1638","6486"
"2020-11-02","9525","14629","","1382","1395","3231","5638","5793","13048","1364","2120","2748","1432","3213","2430","","3249","1521","29494","1008","3529","2533","2698","25350","1059","10700","5182","","","7098","878","2276","1033","5739","2330","1649","6509"
"2020-11-03","9635","14776","","1387","1398","3304","5716","5810","13168","1365","2128","2758","1456","3214","2434","","3251","1527","29598","1015","3533","2538","2733","25539","1062","10749","5273","","","7146","881","2283","1035","5742","2338","1651","6559"
"2020-11-04","9749","14886","","1391","1404","3309","5744","5820","13328","1368","2134","2769","1482","3218","2437","","3390","1687","29869","1022","3589","2563","2748","25740","1067","10850","5373","","","7158","887","2299","1039","5843","2359","1658","6645"
"2020-11-05","9884","15096","","1394","1409","3328","5775","5868","13448","1375","2164","2818","1522","3228","2454","","3429","1718","29999","1053","3650","2565","2807","26050","1072","10930","5483","","","7217","889","2310","1043","5949","2366","1679","6675"
"2020-11-06","9984","15298","","1395","1412","3389","5807","5879","13788","1381","2179","2891","1553","3232","2459","","3533","1721","30108","1058","3683","2573","2848","26343","1074","10959","5585","","","7291","890","2319","1045","6049","2370","1681","6680"
"2020-11-07","10015","15425","","1398","1420","3417","5829","5902","13922","1385","2185","2907","1573","3239","2461","","3539","1728","30569","1067","3694","2578","2865","26862","1077","11009","5633","","","7310","893","2322","1047","6162","2374","1684","6744"
"2020-11-08","10199","15545","","1402","1423","3492","5874","5912","14258","1390","2194","2948","1579","3242","2465","","3541","1736","30859","1071","3759","2582","2878","27139","1081","11063","5690","","","7337","896","2331","1052","6179","2380","1695","6856"
"2020-11-09","10307","15645","","1402","1440","3501","5893","5982","14358","1402","2202","2959","1589","3248","2477","","3589","1758","31108","1077","3815","2598","2911","27440","1083","11219","5743","","","7348","902","2349","1059","6329","2389","1702","6908"
"2020-11-10","10434","15786","","1408","1448","3517","5918","5989","14467","1409","2254","3001","1625","3251","2492","","3597","1796","31319","1088","3912","2603","2938","27652","1090","11250","5849","","","7418","904","2369","1063","6479","2441","1708","6966"
"2020-11-11","10548","15894","","1410","1450","3528","5975","6002","14528","1412","2267","3026","1673","3253","2508","","3698","1888","31568","1094","4012","2608","2983","27840","1092","11423","5942","","","7488","905","2391","1064","6560","2459","1727","7026"
"2020-11-12","10683","15998","","1411","1452","3559","6084","6037","14664","1413","2269","3027","1674","3254","2514","","3798","1891","31795","1107","4195","2613","3067","27975","1093","11570","6027","","","7512","906","2399","1069","6701","2460","1731","7098"
"2020-11-13","10854","16065","","1412","1455","3597","6140","6060","14783","1423","2275","3124","1689","3257","2534","","3830","1902","32134","1116","4248","2634","3090","28259","1097","11710","6043","","","7621","907","2439","1074","6712","2498","1758","7133"
"2020-11-14","10985","16146","","1414","1458","3604","6144","6096","15002","1426","2312","3132","1703","3259","2540","","4026","1905","32355","1133","4253","2638","3166","28540","1102","11715","6091","","","7643","908","2449","1079","6888","2520","1800","7195"
"2020-11-15","11075","16276","","1418","1465","3664","6275","6168","15247","1479","2403","3136","1725","3263","2564","","4220","1995","32511","1136","4280","2644","3207","28620","1106","11743","6162","","","7721","917","2462","1099","6949","2539","1818","7230"
"2020-11-16","11194","16336","","1420","1468","3742","6365","6215","15367","1481","2419","3232","1731","3265","2593","","4380","2001","32700","1152","4290","2657","3246","28939","1107","11890","6183","","","7796","918","2463","1107","6998","2544","1833","7295"
"2020-11-17","11344","16495","","1426","1471","3749","6418","6259","15748","1484","2422","3235","1734","3269","2618","","4520","2009","32869","1163","4298","2663","3249","29097","1110","12020","6282","","","7888","921","2469","1109","7068","2552","1847","7355"
"2020-11-18","11485","16694","","1428","1478","3769","6493","6289","15966","1489","2423","3239","1735","3297","2638","","4533","2018","33198","1172","4351","2667","3291","29333","1116","12109","6328","","","7917","922","2488","1112","7098","2558","1853","7395"
"2020-11-19","11594","16797","","1432","1482","3771","6584","6294","16168","1492","2429","3248","1742","3298","2693","","4623","2042","33508","1232","4359","2707","3364","29662","1118","12177","6382","","","8008","923","2500","1120","7119","2589","1863","7406"
"2020-11-20","11775","16966","","1434","1484","3774","6614","6460","16391","1493","2432","3251","1746","3299","2696","","4789","2121","33681","1235","4377","2716","3457","29989","1122","12265","6430","","","8060","924","2512","1132","7128","2590","1891","7485"
"2020-11-21","11974","17176","","1438","1502","3835","6693","6516","16548","1530","2450","3268","1787","3300","2794","","4864","2132","33869","1270","4396","2722","3468","30100","1124","12410","6503","","","8096","925","2519","1139","7248","2649","1943","7494"
"2020-11-22","12095","17294","","1441","1512","3878","6694","6587","16689","1579","2512","3344","1822","3301","2807","","4946","2138","34191","1296","4402","2724","3487","30390","1132","12559","6583","","","8118","927","2522","1143","7299","2657","1982","7635"
"2020-11-23","12285","17385","","1450","1519","3919","6784","6672","16846","1589","2520","3364","1838","3302","2875","","4960","2158","34232","1334","4452","2742","3558","30620","1173","12743","6623","","","8196","929","2590","1250","7488","2734","2088","7756"
"2020-11-24","12484","17576","","1454","1590","4046","6798","6720","16858","1595","2558","3373","1843","3318","2888","","4998","2173","34769","1351","4512","2779","3602","30940","1175","12900","6686","","","8261","931","2598","1264","7497","2744","2098","7809"
"2020-11-25","12564","17733","","1464","1590","4051","6877","6765","16949","1610","2584","3424","1843","3320","2935","","5089","2193","35267","1371","4529","2784","3617","31383","1177","13046","6783","","","8309","932","2615","1264","7532","2749","2102","7881"
"2020-11-26","12614","17878","","1474","1611","4053","6956","6800","17131","1625","2591","3425","1859","3328","2952","","5109","2232","35805","1371","4563","2797","3637","31795","1178","13199","6872","","","8452","934","2618","1269","7552","2752","2137","7942"
"2020-11-27","12794","18125","","1481","1618","4060","7043","6867","17253","1641","2606","3436","1859","3334","2972","","5117","2236","36289","1396","4578","2814","3660","32112","1189","13346","6966","","","8507","942","2624","1308","7585","2752","2167","8028"
"2020-11-28","12944","18250","","1492","1624","4104","7099","6919","17330","1646","2616","3487","1873","3344","3005","","5189","2300","36757","1415","4584","2824","3712","32414","1191","13460","7034","","","8583","942","2642","1336","7656","2778","2230","8103"
"2020-11-29","13154","18455","","1493","1628","4123","7144","6995","17527","1668","2625","3530","1892","3351","3039","","5274","2329","37276","1427","4611","2836","3740","32760","1201","13663","7102","","","8648","950","2659","1339","7744","2834","2237","8185"
"2020-11-30","13365","18654","","1498","1671","4160","7189","7105","17636","1704","2650","3569","1933","3352","3081","","5311","2329","37790","1465","4639","2859","3789","33179","1234","13838","7150","","","8740","954","2683","1364","7829","2869","2282","8330"
"2020-12-01","13575","18793","","1502","1702","4213","7245","7233","17851","1733","2705","3597","1963","3364","3120","","5426","2355","38341","1489","4656","2874","3835","33623","1234","14041","7244","","","8824","958","2710","1407","7924","2892","2367","8412"
"2020-12-26","13608","18831","","1513","1706","4215","7254","7265","17853","1749","2713","3601","1963","3374","3157","","5431","2356","38698","1493","4662","2878","3837","33753","1244","14138","7267","","","8862","963","2731","1415","7929","2896","2371","8472"
"2020-12-27","13620","18841","","1520","1721","4218","7288","7332","17875","1768","2730","3627","1964","3379","3222","","5432","2368","39001","1514","4664","2885","3863","33976","1246","14234","7277","","","8872","963","2757","1436","7937","2911","2441","8484"
"2020-12-28","13652","18863","","1597","1758","4228","7338","7393","17877","1771","2732","3642","1969","3383","3247","","5434","2370","39513","1521","4666","2889","3863","34178","1247","14266","7280","","","8875","966","2759","1486","7939","2913","2463","8494"
"2020-12-29","13664","18877","","1607","1779","4241","7350","7403","17893","1790","2758","3652","1971","3395","3266","","5454","2372","39978","1536","4706","2935","3863","34279","1257","14360","7311","","","8887","978","2783","1501","7952","2928","2468","8527"
"2020-12-30","13668","18893","","1617","1807","4247","7385","7413","17903","1821","2780","3656","1978","3400","3300","","5468","2375","40388","1552","4709","2954","3873","34532","1269","14372","7341","","","8897","984","2838","1511","7959","2936","2480","8557"
"2020-12-31","13680","18906","","1635","1823","4264","7406","7436","17916","1860","2791","3666","1983","3408","3334","","5472","2377","40798","1564","4710","2964","3880","34642","1275","14384","7364","","","8909","988","2861","1516","7965","2950","2513","8580"
"2021-01-01","13702","18918","","1661","1833","4279","7416","7454","17931","1870","2827","3674","1988","3408","3386","","5477","2382","41148","1570","4725","2972","3886","34706","1276","14460","7398","","","8954","994","2890","1523","7973","2960","2525","8596"
"2021-01-02","13722","18941","","1687","1843","4280","7456","7511","17940","1905","2852","3684","1993","3408","3416","","5480","2387","41346","1576","4729","2980","3892","34806","1281","14510","7432","","","8977","997","2919","1530","7983","2975","2573","8641"
"2021-01-03","13740","18957","","1698","1855","4295","7461","7536","17944","1921","2872","3689","1999","3413","3465","","5492","2394","41571","1597","4741","2995","3897","34896","1286","14540","7466","","","8995","997","2949","1536","8003","2985","2576","8692"
"2021-01-04","13756","18975","","1717","1875","4297","7480","7559","17947","1936","2891","3705","2003","3433","3502","","5522","2400","41746","1611","4745","3005","3897","34966","1289","14563","7495","","","9010","1012","2984","1539","8013","2997","2599","8739"
"2021-01-05","13777","19025","","1727","1895","4302","7492","7598","17950","1944","2910","3712","2007","3448","3507","","5539","2401","41944","1623","4772","3024","","35059","1291","14595","7520","","","9024","1012","3019","1542","8019","3006","2602","8776"
"2021-01-06","13823","19093","","1750","1921","4302","7492","7613","17960","1959","2930","3722","2012","3452","3537","","5544","2401","42074","1628","4782","3024","","35079","1291","14615","7545","","","9041","1012","3030","1546","8024","3020","2605","8799"
"2021-01-07","13843","19117","","1764","1941","4307","7492","7636","17963","1969","2948","3728","2014","3457","3567","","5558","2403","42254","1637","4811","3040","3897","35149","1296","14647","7585","","","9082","1014","3060","1552","8047","3032","2610","8838"
"2021-01-08","13848","19187","","1774","1966","4316","7492","7703","17966","1989","2951","","2019","3467","3597","","5572","2403","42304","1642","4821","3040","3897","35179","1296","14670","7608","","","9099","1014","3071","1556","8092","3046","2614","8868"
"2021-01-09","13876","19245","","1794","1989","4316","7498","7736","17976","2002","2997","","2025","3471","3627","","5602","2405","42434","1651","","3060","3897","35412","1311","14745","7633","","","9301","1014","3115","1562","8114","3046","2622","8868"
"2021-01-10","13880","19281","","1814","2009","4325","7503","7781","17976","2002","3037","3728","2025","3475","3686","","5602","2415","42479","1655","4821","3067","3897","35445","1311","14808","7658","","","9319","1016","3131","1567","8116","3046","2624","8870"
"2021-01-11","13912","19300","","1819","2030","4325","7509","7836","17984","2002","3047","","2027","3477","3698","","5614","2417","42565","1662","4821","3070","3901","35495","1311","14903","7668","","","9341","1024","3160","1606","8120","3055","2632","8878"
"2021-01-12","13937","19304","","1834","2051","4325","7514","7852","17984","2002","3054","3810","","3478","3740","","5614","","42639","1666","4843","3075","3907","35580","1311","15033","7670","","","9386","1028","3182","1610","8139","3074","2639","8887"
"2021-01-13","14084","19322","","1835","2072","4326","7515","7885","17988","2023","3079","3810","2034","3479","3753","","5645","2418","42774","1670","4847","3095","3912","35694","1312","15111","7707","","","9387","1032","3206","1612","8143","3093","2642","8897"
"2021-01-14","14104","19334","","1835","2093","4326","7524","7933","17994","2028","3100","3810","2034","3479","3762","","5655","2421","42845","1677","4852","3106","3915","35712","1312","15121","7726","","","9402","1033","3220","1616","8157","3106","2647","8907"
"2021-01-15","14142","19348","","1841","2114","4330","7524","7964","17996","2030","3104","3812","","3484","3768","","5657","2422","42873","1679","4880","3106","3922","35770","","15159","7746","","","9412","1034","3243","1619","8161","3110","2650","8917"
"2021-01-16","14182","19367","","1844","2135","4379","7527","7991","17998","2034","3120","3815","2035","","3790","","5668","2425","42979","1681","4882","3135","3924","35823","1316","15200","7767","","","9425","1036","3262","1621","8172","3122","2653","8929"
"2021-01-17","14213","19385","","1853","2156","4397","7537","8038","18004","2042","3134","3815","2037","3484","3809","","5668","2428","43079","1681","4883","3152","3926","35866","1318","15250","7792","","","9432","1040","3270","1624","8172","3128","2656","8948"
"2021-01-18","14240","19411","","1862","2166","4407","7544","8085","18010","2099","3150","","2040","3485","3832","","5688","2430","43165","1686","4884","3171","3932","35896","1320","15346","7820","","","9454","1043","3278","","8181","3141","2667","8971"
"2021-01-19","14240","19443","","1868","2174","4412","7545","8117","18011","2111","3163","","2102","3491","3846","","5698","2437","43313","1691","4887","3185","3938","35937","1325","15358","7848","","","9462","1046","3286","","8193","3154","2671","8989"
"2021-01-20","14240","19450","","1871","2182","4416","7551","8117","18013","2120","3165","3817","2118","3492","3850","","5702","2441","43416","1697","4891","3185","","35993","1333","15408","7848","","","9475","1057","3327","1637","8207","3194","","8996"
"2021-01-21","14255","19454","","1871","2182","4421","7551","8137","18014","2126","3170","3820","2118","3497","3852","","5709","2480","43501","1762","4891","3195","","36008","1334","15448","7894","","","9490","1060","3335","1640","","3195","2671","8998"
"2021-01-22","14276","19465","","1883","2182","4421","7557","8160","","2126","3181","3823","2118","3498","3905","","5725","","43570","1764","4891","3201","3940","36019","1342","15518","7952","","","9493","1060","3358","1643","8207","3195","","9002"
"2021-01-23","14357","19484","","1889","2182","","7557","8192","18014","2147","3188","","2118","3499","3912","","5725","2480","43647","1766","4893","3221","3951","36038","1344","15582","7991","","","9508","1061","3360","1643","8228","3198","2671","9022"
"2021-01-24","14375","19484","","1889","2182","4429","7562","8348","18014","2147","3205","","2118","","3915","","5725","2481","43729","1767","","3221","","36066","1345","15640","8022","","","9515","1063","3389","1644","8232","3199","","9037"
"2021-01-25","14388","19493","","1916","","4429","7566","8348","18018","2148","3208","3825","","","3928","","5753","2482","43811","1768","","3221","3951","36093","1346","15680","8090","","","9518","1065","3395","1644","8240","3200","2682","9052"
"2021-01-26","14394","19500","","1917","","4430","7568","8348","18020","2151","3208","3826","","3500","3942","","5761","2484","43853","1769","4893","3253","3951","36120","","15684","8123","","","9531","1069","3416","","8246","3204","2685","9071"
"2021-01-27","14400","19514","","1921","2182","4434","7570","8348","18020","2161","3232","","","","3946","","5761","2494","43911","1770","","3257","3951","36155","1347","15717","8172","","","9536","1069","3420","","8255","3208","","9095"
"2021-01-28","14409","19525","","1922","","4437","7572","8348","18024","2162","3235","","","3501","3952","","5768","2496","43962","","","3257","3952","36171","1347","15741","8195","","","9540","1069","3423","","8263","","2686","9102"
"2021-01-29","14418","19539","","1931","2182","4439","7573","8348","18024","2164","3237","","","3502","3956","","5774","2496","44009","1770","","3261","3961","36192","1347","15779","8243","","","9541","1090","3424","","8266","3211","2687","9120"
"2021-01-30","14440","19554","","1937","2182","4443","7576","8348","","2194","3249","","","3502","3961","","5774","2497","44041","1771","4912","3269","3962","36205","1348","15797","8271","","","9544","","3433","","8266","3211","","9127"
"2021-01-31","14448","19562","","1939","","4443","7576","8348","18026","2196","3250","","","3502","3962","","5777","","44084","","","3269","3965","36217","1348","15837","8292","","","9545","1107","3440","1646","8268","3215","","9142"
"2021-02-01","14467","19574","","1944","","4443","7576","8348","18029","","3250","","2118","3503","3962","","5779","","44141","","4912","3269","3969","36302","1350","15918","8304","","","9551","1108","3455","","","","","9146"
"2021-02-02","14471","19579","","1958","2182","4443","","8348","18030","2204","3253","","2118","3503","3992","","5783","2502","44189","1784","4913","3291","","36309","1355","15941","8322","","","9554","1108","3459","","","","","9163"
"2021-02-03","14482","19600","","1961","","4446","7580","8356","18034","","3253","","2119","","3995","","5787","2504","44237","1784","","3305","3971","36317","","15968","8335","","","9561","","3461","","8270","3215","2688","9171"
"2021-02-04","14486","19602","","1968","2189","4454","7580","8371","","2215","3267","","2121","3504","3996","","5788","","44278","","4914","3305","","36345","","16004","8341","","","9561","1109","3463","","8270","3215","","9175"
"2021-02-05","14500","19604","","1968","2196","4455","7582","8386","18035","","3267","","","","3998","","5813","","44317","1784","","3307","","36351","","16013","8351","","","9565","1112","3467","","8270","3215","","9202"
"2021-02-06","14509","19607","","1969","2197","","7583","8386","18037","2236","3268","","","","","","5816","","44358","1784","","3307","","36357","1355","16013","8357","","","9567","1113","3471","","8271","3223","","9241"
"2021-02-07","14513","","","1969","2199","4458","7583","8386","","2237","3274","","","3504","","","5820","2506","44400","1784","","3312","","36377","","16025","8362","","","9570","","3477","","8273","","","9262"
"2021-02-08","14515","19614","","1970","2200","4461","7585","8386","","","3274","","","3505","3998","","5827","","44426","","","3319","","36384","","16036","8366","","","9571","1114","3479","","","","","9272"
"2021-02-09","14526","19623","","1972","","","7586","8386","18039","2239","3279","","2124","","4012","","5827","","44455","1787","","3321","3971","36405","1359","16036","8372","","","9574","1114","","","8274","3224","","9278"
"2021-02-10","14526","19624","","1975","","4461","","8387","18042","2240","3287","","","3506","4013","","5829","","44476","1787","4914","3323","","36417","1359","16038","8374","","","","","3497","","","3224","2688","9289"
"2021-02-11","14540","19625","","1975","2201","4461","7586","8395","18042","2240","3287","","","","4014","","5833","","44503","","4919","3329","","36420","1360","16038","8376","","","9575","1118","3497","","8274","3224","2688","9385"
"2021-02-12","14545","19628","","1975","","4465","7590","8396","18045","2240","3290","","","3507","4015","","5841","","44520","1788","","3329","3971","36439","1362","16038","8377","","","9576","1119","3499","","8276","","2689","9390"
"2021-02-13","14546","19630","","1975","2203","4470","7591","8410","18046","2251","3291","","","","4017","","5842","","44538","1789","","3341","3971","36452","","16041","8379","","","","1121","3503","1646","8283","3224","","9394"
"2021-02-14","14554","19636","","1975","2204","4470","7592","8410","","","3294","","","","4017","","5845","","44566","","","3347","3972","36462","","16064","8382","","","9576","","3506","","8285","3225","2689","9398"
"2021-02-15","14567","19642","","1980","","4471","7594","8432","","","3296","","2125","","4019","","5847","","44589","1789","","3349","","36476","","16075","8385","","","9578","1123","3509","","","","","9408"
"2021-02-16","14567","19643","","1981","2204","4472","7595","8440","18047","","3297","","2127","3508","4024","","5848","","44619","1790","","3352","","36494","","16158","8386","","","9579","1124","3509","","8285","3225","","9415"
"2021-02-17","14576","19643","","1981","2206","4472","","8465","18047","","3298","","","3508","4024","","","","44646","1790","","3359","","36499","","16183","8388","","","9579","","3511","","8285","","","9418"
"2021-02-18","14580","19646","","1981","2212","4475","7595","8469","18048","","","","","3508","4025","","5848","","44663","","","3359","","36505","1362","16201","8391","","","","","3511","1648","8288","","","9424"
"2021-02-19","14583","","","1987","2212","4475","7600","8472","","","3300","","","","4029","","5848","","44699","1791","4920","3359","","36512","1363","16216","8396","","","9579","","3511","","","","2690","9432"
"2021-02-20","14594","19646","","1987","2214","4475","7601","8472","","2251","3306","","2127","3508","4031","","5849","","44714","1792","","3359","","36520","","16220","8399","","","9582","","3511","","8291","","2690","9438"
"2021-02-21","14605","19660","","1993","2214","4479","","8482","18048","2253","3318","","","3508","4036","","5851","","44729","","","3361","","36531","","16251","8401","","","","","3512","","","3226","2691","9445"
"2021-02-22","14628","19661","","1996","2214","4480","7602","8495","","2253","3319","","2127","3509","4040","","5851","","44751","","","3361","3972","36543","1364","16265","8404","","","9582","1127","3520","","8291","","","9456"
"2021-02-23","14633","19665","","1997","2216","","","8504","","","3319","","","","4045","","5855","","44763","","","3363","","36549","","16282","8408","","","9582","1127","3520","1648","","3233","2691","9465"
"2021-02-24","14640","19665","","2011","","4483","7603","8515","","","3320","","","3509","4046","","","","44782","1792","","3363","","36557","","16293","8410","","","","1127","3525","","","","","9472"
"2021-02-25","14640","19673","","2012","","4484","7603","8526","18048","2253","","","","3509","4054","","","","44808","1796","4920","3364","3972","36569","1364","16326","8414","","","9582","1127","3532","","8292","","2691","9479"
"2021-02-26","14642","19678","","2012","2218","4484","7606","8528","18048","2254","3334","","","","4067","","5855","","44819","","4921","3364","","36582","1364","16354","8417","","","","1127","3536","1650","8292","3235","2692","9497"
"2021-02-27","14642","19678","","2017","2218","4488","7607","8529","18048","","3344","","","","4067","","5859","","44837","1797","4921","3364","","36589","1364","16361","8419","","","9582","","3539","","8295","3237","","9507"
"2021-02-28","14646","19678","","2022","","4488","7607","8540","18050","","3344","","","3510","4073","","5862","2506","44860","1797","4921","3370","3972","36600","","16375","8422","","","9583","","3541","1650","8295","","","9517"
"2021-03-01","14653","19678","","2033","2221","4492","7608","8542","","2254","3351","","","3511","4075","","5863","2506","44874","1800","4921","3373","3972","36616","1364","16402","8425","","","9584","1128","3544","1650","8295","","","9530"
"2021-03-02","14664","","","2038","2221","4493","7609","8542","18050","","","","","","","","","2506","44889","","","3375","3972","36627","1365","16402","8427","","","","1128","3546","1650","8296","3238","","9543"
"2021-03-03","14664","19678","","2038","2222","4493","7611","8552","18051","","3355","","2127","3512","4075","","5863","2506","44905","","4921","","3972","36638","","16407","8430","","","9584","1132","3559","","","3238","","9557"
"2021-03-04","14667","19679","","2043","","4493","7611","8563","18051","","3355","","","3514","4090","","5865","2506","44930","","4921","3376","3974","36646","","16407","8435","","","9587","1132","3575","","","3238","","9574"
"2021-03-05","14685","19680","","2046","2223","4494","7615","8566","18051","2261","3357","","2128","","4090","","5865","2506","44954","1800","","3377","","36663","","16418","8438","","","","1132","3577","","8298","3240","","9590"
"2021-03-06","14685","19682","","2048","2225","4495","7615","8569","18051","2261","3359","","2129","","4090","","5868","2506","44981","1804","","3377","3975","36672","","16420","8441","","","9587","1132","3589","","8302","3240","","9626"
"2021-03-07","14685","19685","","2057","2227","4495","7616","8569","18051","2262","3365","","2129","","4090","","5871","2506","45017","1804","","3377","","36703","1365","16430","8445","","","9588","1137","3589","1650","","3240","","9638"
"2021-03-08","14685","19686","","2060","2228","4495","7620","8569","18051","2262","3369","","","","4090","","5871","2506","45017","","","3377","3975","36718","","16432","8447","","","9588","","3589","","8302","","2692","9657"
"2021-03-09","14688","19688","","2073","2229","4502","7621","8569","18060","","3371","3826","","3516","4097","","5871","2506","45027","","","3377","3977","36725","1367","16443","8447","","","9590","1137","3589","","8302","","2694","9673"
"2021-03-10","14696","19690","","2073","2229","4502","","8569","18061","2262","3371","","2129","3517","4109","","5872","2508","45046","","4921","3378","3980","36736","","16479","8449","","","9590","1137","3595","","8302","3240","","9687"
"2021-03-11","14698","19690","","2073","2229","4502","7622","8569","18061","2262","3371","3826","","","4114","","5872","","45076","1804","4922","3378","","36747","1368","16503","8451","","","","1137","3595","","8307","","","9698"
"2021-03-12","14702","19690","","2073","2229","4502","","8569","18061","","3371","3826","","","4142","","5872","2508","45105","","4923","3378","3980","36763","","16543","8451","","","","1137","3595","1650","8310","","","9714"
"2021-03-13","14716","19690","","2094","2230","","","8579","","","3371","","","3519","","","5872","2508","45122","","4924","3388","","36782","1370","16551","8451","","","9591","1137","3595","","8310","","","9722"
"2021-03-14","14734","19690","","2100","2235","4512","7623","8579","18061","2267","3379","","","3519","4142","","","2508","45158","1804","4924","3389","3980","36794","1370","16563","8456","","","9591","1137","3595","","8310","3240","","9728"
"2021-03-15","14744","19690","","2106","2235","4516","7626","8588","18064","2267","3382","","","","4145","","5872","2508","45184","","4925","3394","3984","36805","1370","16583","8457","","","9591","1141","3609","","8310","3240","2696","9731"
"2021-03-16","14752","19690","","2112","2235","4522","7626","8595","18064","","3386","","2131","","4177","","","2518","45209","1804","4925","3399","3984","36818","","16587","8461","","","9591","1145","3623","","8313","","","9735"
"2021-03-17","14758","19690","","2124","2236","4522","","8595","18071","","3386","","","3521","4193","","5872","2524","45228","1804","4925","3404","3984","36830","","16615","8461","","","9591","1145","3625","","8314","3240","2696","9741"
"2021-03-18","14769","19690","","2131","2239","","7626","8595","18071","2267","3387","","2131","3521","4221","","5881","2530","45268","","4925","3412","3984","36839","","16634","8461","","","9591","1145","3627","","8318","3240","2696","9746"
"2021-03-19","14783","19690","","2141","","4522","","8663","18073","2268","3389","","2131","3523","4333","","5881","2530","45307","1804","","3412","3984","36847","1373","16656","8463","","","9593","1150","3627","1650","8318","3242","2696","9754"
"2021-03-20","14795","19690","","2165","2239","4537","7627","8663","18073","2269","3395","","2131","3523","4378","","5881","2530","45339","","","3419","3984","36921","1373","16684","8465","","","9594","","3627","","8319","","2696","9761"
"2021-03-21","14795","19690","","2174","2239","4537","7628","8687","18073","2269","3401","","2131","3523","4415","","5881","2530","45377","","4925","3431","3984","36925","1373","16707","8465","","","9599","1154","3633","1650","8320","3242","","9790"
"2021-03-22","14795","19690","","2179","2240","4537","7630","8687","18073","2269","3403","","2131","","4433","","5882","2530","45401","","","3442","3988","36933","1373","16736","8469","","","9599","1156","3635","1650","8323","3253","2696","9839"
"2021-03-23","14805","19710","","2184","2241","4537","7633","8687","18077","2269","3406","","2131","3524","4454","","5884","2537","45430","","4925","3443","3995","36940","1374","16774","8472","","","9604","1156","3647","1650","8324","3253","2696","9878"
"2021-03-24","14817","19728","","2193","2245","","7637","8687","18082","2269","3415","","2133","3525","4483","","5884","2537","45457","1804","4926","3446","3995","36946","1374","16830","8477","","","9604","1156","3661","1650","8327","3253","2696","9928"
"2021-03-25","14830","19743","","2210","2246","4537","7637","8687","18082","2269","3418","","2133","3525","4519","","5884","2537","45489","1804","4928","3447","","36954","1377","16885","8483","","","9608","1156","3674","1650","8327","3253","2696","9957"
"2021-03-26","14853","19743","","2224","2247","","7639","8687","18087","2269","3421","3826","2133","3525","4556","","5884","2549","45533","1804","4929","3456","3995","36963","1378","16928","8486","","","9608","1163","3679","1650","","3253","2697","10003"
"2021-03-27","14868","19748","","2224","2248","4537","7642","8687","18090","2269","3423","3826","","","4585","","5884","2551","45564","","4929","3469","3996","36972","1381","16965","8491","","","9617","1168","3686","1650","8331","3253","2697","10046"
"2021-03-28","14889","19748","","2252","2255","4552","7644","8687","18094","2269","3425","3826","2134","3525","4614","","5884","2557","45590","","4933","3474","4000","36984","1381","17008","8495","","","9617","1173","3700","1650","8331","3253","2707","10082"
"2021-03-29","14911","19759","","2252","2259","4552","7644","8687","18094","2269","3425","3833","2134","3525","4638","","5884","2557","45639","1805","4934","3485","4001","36996","1381","17056","8500","","","9625","1173","3731","","8331","3253","2707","10114"
"2021-03-30","14940","19772","","2264","2261","4553","7649","8687","18094","2269","3438","","","3529","4655","","5884","","45694","1805","4940","3486","4001","37006","","17132","8506","","","9627","1178","3739","1650","8334","3253","2707","10150"
